cedula,fechaingresoEmpresa,tituloTercerNivel,nombreEmpresa,numeroTarjetaCredito
2451704974,2014-03-15,Licenciado/a,Desarrollos Innovadores,3167-6140-8146-7740
0681759200,2008-12-09,Licenciado/a,Grupo Tecnológico,3857-9253-0028-8989
1570342897,1960-05-03,Doctor/a,Grupo Tecnológico,0223-4580-0575-6474
0319307751,1970-01-12,Ingeniero/a,Soluciones Integrales,5592-8680-4874-0618
1944437987,2020-07-18,Ingeniero/a,Grupo Tecnológico,9769-4182-6886-5301
0585839585,1970-06-12,Licenciado/a,Grupo Tecnológico,8587-2168-2200-5791
2040308057,1998-07-12,Arquitecto/a,Grupo Tecnológico,3402-1703-2649-9932
2196699241,1974-03-05,Arquitecto/a,Soluciones Integrales,2538-2375-0191-7643
1261300050,1961-03-17,Ingeniero/a,Sistemas Avanzados,9782-8681-0738-9602
1345304061,2000-12-09,Arquitecto/a,Desarrollos Innovadores,8023-2608-6247-3883
2251373604,2003-10-27,Licenciado/a,Sistemas Avanzados,9703-0715-4597-0564
0512074626,2015-12-11,Ingeniero/a,Soluciones Integrales,7478-8925-5091-0657
1507973732,1993-11-01,Doctor/a,Sistemas Avanzados,7305-6956-8759-6951
0501455748,1974-04-24,Doctor/a,Soluciones Integrales,8099-5807-4634-7983
1056729185,1976-06-08,Ingeniero/a,Desarrollos Innovadores,1686-5952-7794-6067
0714373913,1978-01-01,Ingeniero/a,Sistemas Avanzados,3240-5152-9388-8502
1165329677,2010-10-14,Licenciado/a,Desarrollos Innovadores,6621-8030-2638-2678
0212153433,1962-07-09,Arquitecto/a,Sistemas Avanzados,7843-1409-4890-8361
2367942062,1969-06-29,Licenciado/a,Soluciones Integrales,3729-1390-5961-7050
0385623715,1987-09-09,Arquitecto/a,Soluciones Integrales,4534-5296-6125-8296
0569859260,2016-03-17,Ingeniero/a,Soluciones Integrales,1798-4946-8873-8623
1476406089,2017-04-13,Licenciado/a,Grupo Tecnológico,5927-7569-8924-9598
3008334160,1984-02-09,Arquitecto/a,Sistemas Avanzados,9467-4985-8669-4647
3091817693,2002-02-15,Ingeniero/a,Sistemas Avanzados,8229-3610-1445-9690
2181125974,1987-02-19,Ingeniero/a,Desarrollos Innovadores,5561-2740-1543-9791
0139503924,1960-05-03,Ingeniero/a,Soluciones Integrales,9826-9089-1612-7860
2308683785,1992-07-21,Ingeniero/a,Grupo Tecnológico,5885-9526-0203-0483
1721746765,2010-04-01,Ingeniero/a,Grupo Tecnológico,1495-9615-0319-5023
2422375043,1966-02-17,Ingeniero/a,Desarrollos Innovadores,1661-4072-6099-7492
0505763706,2002-03-16,Ingeniero/a,Soluciones Integrales,6305-9741-4718-4676
1816727627,2007-03-29,Ingeniero/a,Soluciones Integrales,8110-8418-8171-3131
0690248960,2011-01-13,Arquitecto/a,Desarrollos Innovadores,4503-2293-9976-8844
1028857360,1987-01-26,Licenciado/a,Soluciones Integrales,3668-8901-4769-8272
0577199203,1986-05-12,Doctor/a,Soluciones Integrales,3546-8592-3872-8470
0539133375,2005-02-19,Ingeniero/a,Sistemas Avanzados,6028-1957-3883-6651
1150008580,2004-06-30,Licenciado/a,Soluciones Integrales,6716-4308-4112-3330
2488867010,1994-01-22,Doctor/a,Grupo Tecnológico,1307-6845-5296-6408
0284109651,1989-02-25,Doctor/a,Sistemas Avanzados,4301-5566-0384-9611
0649064307,1994-05-31,Doctor/a,Desarrollos Innovadores,6633-7420-3653-9979
0575775991,1962-01-19,Ingeniero/a,Soluciones Integrales,9076-1044-8555-9621
2084687274,2000-02-13,Licenciado/a,Sistemas Avanzados,0899-4369-5719-8671
0381833004,2017-01-26,Ingeniero/a,Desarrollos Innovadores,4350-4201-1318-4672
2073042401,1960-07-13,Licenciado/a,Sistemas Avanzados,8675-9062-9941-8841
2112075278,2007-12-26,Licenciado/a,Sistemas Avanzados,1831-1601-0937-9907
1284882312,1960-11-11,Licenciado/a,Sistemas Avanzados,6318-0236-8856-3373
3045473265,1989-05-24,Licenciado/a,Grupo Tecnológico,4375-9197-9431-0727
0985655011,1984-10-04,Doctor/a,Sistemas Avanzados,6432-1839-8657-1903
0226390327,1980-06-09,Arquitecto/a,Sistemas Avanzados,7988-6205-2352-5099
2044614983,1992-02-26,Ingeniero/a,Soluciones Integrales,5785-2741-5756-2394
1823320557,1988-11-17,Arquitecto/a,Desarrollos Innovadores,5402-8177-6946-3532
1420900695,2019-01-24,Doctor/a,Sistemas Avanzados,6986-3203-2315-3152
1896419197,1963-10-30,Doctor/a,Soluciones Integrales,6157-8379-8423-2739
1383075503,2001-10-23,Arquitecto/a,Soluciones Integrales,6769-6841-5711-8791
0365451618,1999-10-04,Doctor/a,Grupo Tecnológico,2985-6423-4981-3658
1302778770,1990-09-06,Arquitecto/a,Desarrollos Innovadores,5120-2916-6611-3415
1719297554,1996-11-29,Ingeniero/a,Grupo Tecnológico,4003-0682-0747-4843
1767061024,1962-08-30,Doctor/a,Sistemas Avanzados,7817-0488-2370-9917
2200465664,2000-07-18,Ingeniero/a,Desarrollos Innovadores,2815-4218-0551-9381
1366433513,1994-01-04,Arquitecto/a,Grupo Tecnológico,8605-0673-2201-3763
0410779758,1965-02-02,Ingeniero/a,Grupo Tecnológico,4040-8252-9351-5146
1155944026,1971-07-19,Licenciado/a,Desarrollos Innovadores,5574-8279-2388-3562
1213964755,1982-09-17,Ingeniero/a,Sistemas Avanzados,1924-4703-4739-0488
1581459651,1966-01-20,Arquitecto/a,Soluciones Integrales,1510-9711-6682-4184
0824727895,1976-01-08,Doctor/a,Sistemas Avanzados,9825-5073-1788-6230
2427269279,1979-08-25,Licenciado/a,Sistemas Avanzados,2286-1193-1113-2791
3087939190,2000-12-31,Ingeniero/a,Soluciones Integrales,7532-4236-9934-4505
0192657363,2005-09-18,Licenciado/a,Desarrollos Innovadores,9117-0634-8443-7769
0938364023,1985-04-18,Doctor/a,Grupo Tecnológico,6352-6382-7092-7481
2092379169,1964-10-13,Arquitecto/a,Desarrollos Innovadores,9632-8602-9585-9900
1201564328,2014-10-26,Ingeniero/a,Grupo Tecnológico,9161-1427-9918-5123
3006168013,1986-03-02,Arquitecto/a,Sistemas Avanzados,7926-8393-0473-1848
1417001480,1978-01-12,Ingeniero/a,Sistemas Avanzados,2460-4533-0821-6536
1513576585,1963-06-22,Licenciado/a,Desarrollos Innovadores,1680-3139-9346-7870
0333596378,1967-10-06,Ingeniero/a,Grupo Tecnológico,9965-7573-2753-3496
0270833726,1965-06-13,Arquitecto/a,Desarrollos Innovadores,2727-5520-9107-1202
2443668808,1971-06-08,Licenciado/a,Grupo Tecnológico,3240-1417-5944-1370
1129263196,1962-08-14,Doctor/a,Grupo Tecnológico,5103-6819-3697-5842
0648871689,2009-05-17,Arquitecto/a,Sistemas Avanzados,3964-2277-5767-1585
2226964591,2011-09-21,Doctor/a,Desarrollos Innovadores,4691-6710-2446-6937
0972817453,1961-12-24,Doctor/a,Sistemas Avanzados,1715-9292-6527-9438
1644478180,1989-12-07,Arquitecto/a,Grupo Tecnológico,3745-2926-1667-2023
2268150638,1997-01-08,Licenciado/a,Sistemas Avanzados,5448-5655-1233-1050
1939894380,1998-05-02,Licenciado/a,Grupo Tecnológico,1352-5780-8266-8517
1865322923,1989-12-25,Ingeniero/a,Grupo Tecnológico,8415-9745-0593-3403
0108918856,1995-11-15,Doctor/a,Soluciones Integrales,8932-3972-4060-2887
2033397189,1981-05-24,Ingeniero/a,Desarrollos Innovadores,2541-5967-5442-0699
0578866063,2014-12-24,Licenciado/a,Grupo Tecnológico,3776-4850-4673-4336
1277718868,1990-11-23,Ingeniero/a,Grupo Tecnológico,2045-6716-0421-6286
1570619344,1989-04-30,Licenciado/a,Sistemas Avanzados,9996-7082-3178-1200
2489466890,1978-06-30,Doctor/a,Sistemas Avanzados,7556-2653-8187-0747
0938606844,1983-05-16,Licenciado/a,Grupo Tecnológico,5913-9759-0384-3136
2433193669,1996-02-18,Ingeniero/a,Soluciones Integrales,3061-5407-9278-2125
1375178889,1998-06-21,Ingeniero/a,Grupo Tecnológico,1112-1654-4749-6963
0455068712,1970-04-20,Doctor/a,Desarrollos Innovadores,3494-9834-1527-0223
1451461903,1961-06-27,Ingeniero/a,Desarrollos Innovadores,8531-3531-1285-9991
2464851950,1975-05-25,Licenciado/a,Desarrollos Innovadores,9757-7280-3521-8207
1836660007,1962-10-27,Licenciado/a,Sistemas Avanzados,6976-0075-9280-0690
1756873059,1971-08-10,Doctor/a,Grupo Tecnológico,0524-9008-8829-9762
2036187888,1984-07-30,Arquitecto/a,Soluciones Integrales,6708-4216-6358-1027
1560791492,1978-12-11,Licenciado/a,Sistemas Avanzados,2655-6121-2086-3555
1370325319,1967-05-22,Licenciado/a,Grupo Tecnológico,3964-9763-7258-9828
1815424892,1961-09-27,Arquitecto/a,Soluciones Integrales,7809-0666-9036-4279
0299986292,2014-07-06,Arquitecto/a,Soluciones Integrales,5020-6698-6763-0847
2270272430,1989-12-14,Ingeniero/a,Desarrollos Innovadores,8155-7855-8553-1242
0156539682,1993-07-07,Arquitecto/a,Soluciones Integrales,5851-1545-4031-1336
1892393115,1993-03-11,Arquitecto/a,Sistemas Avanzados,9065-0292-8266-8088
0610514929,2014-10-20,Licenciado/a,Sistemas Avanzados,0573-0555-4056-4373
0814329843,1976-09-25,Arquitecto/a,Grupo Tecnológico,9086-3942-9306-0627
1408529099,1962-03-30,Licenciado/a,Desarrollos Innovadores,5051-3033-2255-3262
0897298731,1967-02-10,Licenciado/a,Desarrollos Innovadores,9117-7542-0595-1874
0360878092,2003-12-10,Ingeniero/a,Soluciones Integrales,8128-1405-0872-2804
1591200737,1969-12-16,Licenciado/a,Grupo Tecnológico,6267-2636-6546-7039
0398518356,1963-10-25,Ingeniero/a,Grupo Tecnológico,9690-0829-7959-1305
1771420305,1999-06-15,Arquitecto/a,Soluciones Integrales,4003-6477-6947-5842
1063382698,1993-04-23,Arquitecto/a,Grupo Tecnológico,9873-8187-6986-9211
0548231546,1990-03-14,Licenciado/a,Soluciones Integrales,0591-3693-8759-6265
0204067177,2004-03-15,Arquitecto/a,Grupo Tecnológico,6550-8563-1002-1706
0370438580,1980-02-26,Arquitecto/a,Desarrollos Innovadores,8254-8084-6009-0774
2258863788,1989-02-21,Arquitecto/a,Soluciones Integrales,4692-6731-9838-9329
2156556468,1970-11-12,Licenciado/a,Desarrollos Innovadores,3195-7906-2787-0966
1742630551,1997-01-27,Doctor/a,Grupo Tecnológico,4667-0815-3251-3609
0721754310,2015-08-27,Doctor/a,Desarrollos Innovadores,3741-4004-1086-7987
0785102144,1966-12-07,Doctor/a,Sistemas Avanzados,4218-4171-0819-0278
1691168840,1968-10-06,Licenciado/a,Grupo Tecnológico,5591-3989-2421-1290
1464980798,1991-03-28,Doctor/a,Sistemas Avanzados,3006-6289-5775-1221
1156965018,2019-03-19,Doctor/a,Desarrollos Innovadores,6832-7188-7709-0521
0190895473,1997-11-30,Ingeniero/a,Soluciones Integrales,2514-1664-3135-7946
3002946852,1982-09-06,Licenciado/a,Sistemas Avanzados,5437-0602-1710-0486
0899880716,1978-08-04,Doctor/a,Sistemas Avanzados,8609-6398-1510-1052
0946545124,1984-01-27,Ingeniero/a,Grupo Tecnológico,1069-4804-7364-5048
3098080965,1988-05-23,Licenciado/a,Soluciones Integrales,5000-7893-7803-6988
2231778615,2006-10-03,Licenciado/a,Grupo Tecnológico,3816-3168-1372-5396
2177088687,2014-08-27,Doctor/a,Grupo Tecnológico,3567-5631-0111-7562
2390117603,1993-08-02,Ingeniero/a,Desarrollos Innovadores,4424-2749-5236-9556
1091157817,1995-03-17,Arquitecto/a,Sistemas Avanzados,8230-2408-5630-2438
0725571327,1987-03-22,Arquitecto/a,Grupo Tecnológico,9279-4560-1494-1531
0955283949,1984-03-01,Ingeniero/a,Desarrollos Innovadores,6971-7562-6355-0252
1737615540,1982-08-02,Doctor/a,Soluciones Integrales,3225-8422-7519-8947
2404513689,1985-08-07,Arquitecto/a,Soluciones Integrales,3279-5000-5548-6590
0921107893,1997-08-18,Ingeniero/a,Sistemas Avanzados,2180-6791-9563-5032
1080717131,2014-08-16,Licenciado/a,Grupo Tecnológico,1548-5925-4050-0043
0719773005,1965-07-14,Ingeniero/a,Desarrollos Innovadores,8041-9997-4021-3109
1651499259,2014-08-20,Licenciado/a,Grupo Tecnológico,1276-5748-3330-7490
0310253522,1972-07-30,Arquitecto/a,Soluciones Integrales,5397-8310-8321-4337
1120055130,1993-05-12,Arquitecto/a,Grupo Tecnológico,2728-2995-2676-5283
1386461995,1991-06-27,Ingeniero/a,Soluciones Integrales,3175-2835-0529-9951
1715817852,1963-05-19,Arquitecto/a,Desarrollos Innovadores,4850-6124-9241-0889
1134400471,1979-07-10,Doctor/a,Soluciones Integrales,7879-5133-4536-8227
1744662939,2009-02-28,Licenciado/a,Sistemas Avanzados,4375-3263-7941-8626
1544136015,1967-03-19,Licenciado/a,Sistemas Avanzados,5682-9402-1317-0250
1328722913,1984-05-07,Arquitecto/a,Sistemas Avanzados,5061-2246-2226-4624
1208215230,2016-09-06,Doctor/a,Soluciones Integrales,7044-8413-8613-5374
1995185766,2002-02-03,Ingeniero/a,Sistemas Avanzados,4260-4171-3255-7639
0548184800,2016-07-10,Licenciado/a,Sistemas Avanzados,3326-8262-7976-5842
0173183954,2006-01-05,Licenciado/a,Sistemas Avanzados,0544-4409-6466-7270
1898081526,1994-04-24,Doctor/a,Grupo Tecnológico,1293-3023-8534-3217
2386684341,1968-11-20,Doctor/a,Sistemas Avanzados,4383-9825-4830-7815
0453349294,1998-01-18,Doctor/a,Desarrollos Innovadores,9774-1064-4362-8229
2442512099,1963-04-15,Licenciado/a,Desarrollos Innovadores,9495-1199-2164-5908
1082261532,2015-09-17,Licenciado/a,Grupo Tecnológico,2289-5463-1234-3015
1594286204,2008-11-29,Ingeniero/a,Desarrollos Innovadores,8136-3557-5654-4100
1343221661,1989-03-25,Licenciado/a,Grupo Tecnológico,0356-4506-7949-3313
1624656988,1993-02-16,Ingeniero/a,Sistemas Avanzados,8516-9867-2332-7922
0294330739,1973-12-27,Arquitecto/a,Sistemas Avanzados,9435-5250-8026-7364
1310758665,1969-06-21,Licenciado/a,Sistemas Avanzados,0330-9431-8837-9802
0894959684,1975-10-24,Ingeniero/a,Grupo Tecnológico,8742-9285-7662-6532
0614477444,1964-06-27,Arquitecto/a,Soluciones Integrales,6500-4954-2248-7464
0282865458,2004-07-24,Licenciado/a,Grupo Tecnológico,8914-5097-8972-7765
1271745694,1995-12-10,Ingeniero/a,Desarrollos Innovadores,6998-2075-3726-7199
1880029665,1997-02-20,Doctor/a,Desarrollos Innovadores,5706-4762-6116-0384
1391392236,2016-07-01,Ingeniero/a,Grupo Tecnológico,3007-1477-7854-9633
2131541182,2005-07-03,Ingeniero/a,Sistemas Avanzados,8099-8761-2813-1684
1162680607,2020-07-17,Licenciado/a,Sistemas Avanzados,1774-6279-8439-2112
2008816159,2013-08-07,Licenciado/a,Desarrollos Innovadores,4108-8423-5499-9526
1421407080,2008-12-17,Arquitecto/a,Grupo Tecnológico,0437-7007-6855-8731
0483681501,1964-06-21,Ingeniero/a,Desarrollos Innovadores,9511-7033-9067-4704
2283169365,1997-06-27,Doctor/a,Soluciones Integrales,2846-9180-4773-5714
0205706370,1999-12-11,Ingeniero/a,Soluciones Integrales,7336-6194-1155-8561
0413259170,1971-01-02,Doctor/a,Desarrollos Innovadores,4518-6028-0878-6433
1430083755,2001-02-01,Ingeniero/a,Grupo Tecnológico,0164-2075-6524-8479
1845082616,1961-11-10,Licenciado/a,Desarrollos Innovadores,2944-4136-2374-2933
1105608406,2000-08-08,Licenciado/a,Soluciones Integrales,0499-2162-2608-0280
1358408882,2017-11-10,Doctor/a,Sistemas Avanzados,9893-6199-8989-1639
0432520517,2000-06-17,Licenciado/a,Grupo Tecnológico,5417-3975-5818-2286
2369839095,1966-05-01,Licenciado/a,Soluciones Integrales,7932-4599-2999-4854
1709881795,1981-07-20,Licenciado/a,Grupo Tecnológico,4923-1112-4212-7580
3023901110,1968-08-09,Arquitecto/a,Sistemas Avanzados,4067-0162-1349-9384
1434472168,2018-03-25,Ingeniero/a,Soluciones Integrales,2827-7830-0329-5420
1018633259,1980-01-23,Doctor/a,Desarrollos Innovadores,6017-6573-0464-9255
1557079478,1992-01-10,Arquitecto/a,Sistemas Avanzados,5540-1694-0392-3402
1348149013,1970-03-11,Ingeniero/a,Grupo Tecnológico,0044-2560-0105-0338
2168579775,2013-02-23,Licenciado/a,Soluciones Integrales,5028-6531-1742-5240
0462551426,2017-03-02,Arquitecto/a,Sistemas Avanzados,0991-5638-6086-2181
0623211603,2016-05-07,Arquitecto/a,Sistemas Avanzados,4350-1082-9030-1557
1656593426,1996-02-07,Doctor/a,Soluciones Integrales,9144-0462-4353-6360
0738943329,1974-03-08,Licenciado/a,Sistemas Avanzados,6591-2742-9047-0680
1673488610,1987-01-21,Ingeniero/a,Soluciones Integrales,8344-2292-8319-9617
1008168954,2003-12-26,Ingeniero/a,Sistemas Avanzados,5614-7620-7832-5840
1545756461,1978-12-21,Arquitecto/a,Soluciones Integrales,1108-3935-7743-3391
1222956755,2017-11-13,Arquitecto/a,Grupo Tecnológico,3547-5904-6959-6846
2315883319,1962-06-12,Licenciado/a,Desarrollos Innovadores,2389-9479-5789-7811
0808754149,1996-11-23,Licenciado/a,Soluciones Integrales,5461-0298-1316-0656
1092790085,1964-05-27,Arquitecto/a,Soluciones Integrales,3091-7412-3861-0715
0262268338,1971-10-19,Licenciado/a,Soluciones Integrales,0062-6539-6972-2978
0473473883,1986-05-02,Ingeniero/a,Sistemas Avanzados,7802-9563-2741-8727
0848056210,2013-03-14,Doctor/a,Grupo Tecnológico,2712-2697-3068-1576
1638525303,1989-12-02,Licenciado/a,Sistemas Avanzados,0236-8478-6683-4277
0155225822,1966-12-11,Doctor/a,Sistemas Avanzados,1936-1727-1945-9727
2171332790,1968-07-04,Doctor/a,Sistemas Avanzados,2431-0732-7005-0832
1235973810,1972-02-14,Arquitecto/a,Grupo Tecnológico,6373-7493-8736-3257
0311552834,1985-11-29,Doctor/a,Desarrollos Innovadores,6257-9337-3233-9029
0275691829,2020-05-04,Ingeniero/a,Grupo Tecnológico,3434-9388-0846-8425
0335816048,2014-03-01,Ingeniero/a,Desarrollos Innovadores,9263-9247-2241-2002
0784618810,2001-01-29,Licenciado/a,Desarrollos Innovadores,7129-5429-6857-6139
0175221851,1968-08-21,Arquitecto/a,Desarrollos Innovadores,3586-9001-1947-9059
0531830781,1990-05-08,Licenciado/a,Sistemas Avanzados,3159-0860-7633-3846
1954289476,1991-08-20,Doctor/a,Soluciones Integrales,8957-7915-8684-8161
1741653537,2017-10-26,Ingeniero/a,Sistemas Avanzados,8981-7663-1330-0165
2476149832,1971-12-17,Licenciado/a,Sistemas Avanzados,5873-4410-3404-8019
1847081946,1967-11-01,Ingeniero/a,Sistemas Avanzados,9605-1794-4150-3350
2124725507,2009-06-07,Ingeniero/a,Grupo Tecnológico,0335-4346-5251-0131
1676385744,2006-04-02,Arquitecto/a,Soluciones Integrales,5542-9533-3187-1650
0825748353,1999-05-29,Ingeniero/a,Grupo Tecnológico,1651-0954-8738-8941
1035777635,1994-03-22,Ingeniero/a,Desarrollos Innovadores,6850-3468-4446-1573
1950472411,1968-09-04,Doctor/a,Sistemas Avanzados,7264-9965-4715-7608
2112924205,1995-01-17,Doctor/a,Grupo Tecnológico,6651-6389-7996-6291
2254507939,1983-01-19,Ingeniero/a,Grupo Tecnológico,0253-0936-3734-8411
3019360934,1981-08-04,Licenciado/a,Grupo Tecnológico,2467-9617-4001-2564
1363754411,1970-03-09,Ingeniero/a,Grupo Tecnológico,5514-0640-7881-8612
0822089882,1967-02-24,Ingeniero/a,Grupo Tecnológico,9154-0732-2369-1392
3073625054,2004-07-13,Arquitecto/a,Sistemas Avanzados,8395-9471-3053-1205
2185888509,2012-12-29,Doctor/a,Sistemas Avanzados,3616-6603-7570-9515
1220284893,1960-06-01,Doctor/a,Sistemas Avanzados,9039-8300-3396-6573
1362165452,2011-11-06,Licenciado/a,Grupo Tecnológico,8081-0383-4038-3996
1046779866,1974-07-17,Licenciado/a,Sistemas Avanzados,0199-9778-4461-1480
2159704926,1980-02-23,Licenciado/a,Soluciones Integrales,9505-4003-1620-6200
2010181625,1964-08-26,Ingeniero/a,Desarrollos Innovadores,6181-0053-8263-1030
1080648217,1989-09-01,Doctor/a,Sistemas Avanzados,7204-1381-6743-8486
1298190484,2003-08-16,Doctor/a,Grupo Tecnológico,8059-3280-1847-3020
2262854637,1962-12-20,Arquitecto/a,Desarrollos Innovadores,6678-9766-2926-5867
3082595294,2009-07-05,Ingeniero/a,Sistemas Avanzados,1235-9800-7570-0943
1677339283,2001-08-18,Doctor/a,Sistemas Avanzados,2125-0721-1989-1549
2066913303,2010-06-04,Arquitecto/a,Sistemas Avanzados,6705-8730-2103-1216
2394576095,1987-03-25,Ingeniero/a,Desarrollos Innovadores,6859-7333-9425-8668
2309657652,1972-09-07,Ingeniero/a,Desarrollos Innovadores,5677-5505-5058-0854
2070878503,1996-10-02,Licenciado/a,Grupo Tecnológico,1006-8988-2123-3097
1729202419,1975-06-05,Ingeniero/a,Sistemas Avanzados,3479-0562-2231-0838
1218500411,1972-05-11,Ingeniero/a,Soluciones Integrales,4312-9420-9949-0882
1506363631,1976-07-08,Doctor/a,Soluciones Integrales,4078-9378-5070-2794
3032530387,2000-08-04,Licenciado/a,Soluciones Integrales,5711-6474-7420-0363
2273290985,2004-09-08,Ingeniero/a,Grupo Tecnológico,7913-5789-3719-6480
1667325893,1979-07-30,Licenciado/a,Sistemas Avanzados,5919-6393-1354-3780
1047853433,1987-02-26,Licenciado/a,Desarrollos Innovadores,2062-4977-1284-7885
0961683186,1963-02-08,Licenciado/a,Grupo Tecnológico,6695-7938-3451-3668
1637810666,2015-02-03,Ingeniero/a,Soluciones Integrales,8353-5096-9764-3061
1272945410,1967-04-26,Ingeniero/a,Sistemas Avanzados,3830-9482-2433-7428
1310082358,1995-06-28,Doctor/a,Grupo Tecnológico,2259-4198-9645-1406
1434468945,1976-11-17,Ingeniero/a,Sistemas Avanzados,9233-4151-7115-6558
0780596718,1992-04-15,Ingeniero/a,Sistemas Avanzados,9270-1283-8550-9120
1507039939,2020-05-07,Ingeniero/a,Grupo Tecnológico,5288-5808-1624-3273
1682669672,1973-07-19,Doctor/a,Sistemas Avanzados,4398-6832-3608-7524
1721384661,2002-06-11,Arquitecto/a,Desarrollos Innovadores,8596-5725-7021-6873
0930530849,1963-10-28,Arquitecto/a,Desarrollos Innovadores,2579-3494-2499-5642
0171996647,1973-03-28,Licenciado/a,Desarrollos Innovadores,5063-5159-7029-5884
1416145126,2017-09-09,Arquitecto/a,Grupo Tecnológico,9808-6464-3965-0783
2099754946,2014-01-22,Ingeniero/a,Sistemas Avanzados,1920-4931-0042-0397
0739620578,1990-03-17,Ingeniero/a,Soluciones Integrales,3391-7003-1324-7873
2136638258,1964-01-05,Ingeniero/a,Desarrollos Innovadores,8857-6152-7796-4904
0788208378,1988-05-27,Licenciado/a,Sistemas Avanzados,4660-4620-7781-2363
1170014659,2020-10-22,Arquitecto/a,Soluciones Integrales,0210-9395-2638-3127
1818033627,1998-01-01,Arquitecto/a,Soluciones Integrales,0659-3522-1957-2885
1586936380,2017-05-28,Ingeniero/a,Sistemas Avanzados,1253-8130-1158-1774
0313859616,2020-07-14,Ingeniero/a,Sistemas Avanzados,1287-3439-9775-6372
0386609501,1997-07-11,Ingeniero/a,Grupo Tecnológico,3880-2299-3212-9400
1223981954,1978-10-10,Arquitecto/a,Sistemas Avanzados,9268-1471-6609-7500
0233786455,2011-08-23,Ingeniero/a,Sistemas Avanzados,6219-1294-4132-7379
2150588269,2018-02-22,Doctor/a,Grupo Tecnológico,8248-8294-2111-0125
0461868772,1968-09-07,Doctor/a,Soluciones Integrales,3245-1977-5947-4057
2281256023,1984-09-15,Arquitecto/a,Grupo Tecnológico,2820-7107-0408-6414
1719786940,1961-03-15,Ingeniero/a,Soluciones Integrales,7493-1888-4352-8688
1532386900,1978-08-09,Licenciado/a,Grupo Tecnológico,8326-5650-4813-6814
1305388179,1999-09-10,Doctor/a,Soluciones Integrales,0565-9144-2107-7694
3058619738,1993-01-02,Ingeniero/a,Soluciones Integrales,3920-7921-5951-9732
1912267295,2019-08-10,Ingeniero/a,Soluciones Integrales,8533-0215-0006-7589
1437073764,2003-12-01,Doctor/a,Sistemas Avanzados,5242-5521-2963-1389
1658585135,2017-01-27,Doctor/a,Desarrollos Innovadores,7524-4935-8236-5298
1862496672,1961-02-07,Doctor/a,Soluciones Integrales,8023-8675-1885-6272
0282433625,1973-10-18,Licenciado/a,Sistemas Avanzados,0998-6518-7935-6095
1501123666,1960-10-07,Ingeniero/a,Soluciones Integrales,0773-3435-0991-6525
1423035070,2002-07-09,Licenciado/a,Desarrollos Innovadores,0361-5496-0048-0057
0902779960,1960-01-24,Arquitecto/a,Desarrollos Innovadores,9706-3433-9150-7242
0814657707,2008-08-11,Licenciado/a,Desarrollos Innovadores,8018-1941-0102-5473
1987089601,1965-04-05,Arquitecto/a,Soluciones Integrales,8383-9622-5547-9415
1838534295,1995-03-04,Ingeniero/a,Grupo Tecnológico,6482-9776-3414-0591
1093316755,2001-12-09,Doctor/a,Soluciones Integrales,4019-8071-1926-7759
2200240524,1961-11-14,Arquitecto/a,Desarrollos Innovadores,5044-4334-6727-6652
1450835363,2008-04-05,Licenciado/a,Desarrollos Innovadores,8779-6288-7047-9706
1676334240,1992-12-30,Arquitecto/a,Desarrollos Innovadores,4561-5388-8521-0749
2063866079,1976-03-15,Ingeniero/a,Grupo Tecnológico,8976-9096-6423-7631
1613700545,1974-05-13,Ingeniero/a,Soluciones Integrales,4992-0266-7675-5108
0278386860,1963-04-11,Licenciado/a,Grupo Tecnológico,2283-8170-6905-7315
2176448488,2002-06-18,Doctor/a,Grupo Tecnológico,4299-1086-6670-4274
0482148320,1960-01-11,Arquitecto/a,Grupo Tecnológico,2407-9321-7958-4496
0709014121,2012-06-23,Licenciado/a,Grupo Tecnológico,4359-1151-6034-8299
1384577298,1998-02-11,Ingeniero/a,Soluciones Integrales,2636-2314-0845-4096
2173312875,1987-01-05,Licenciado/a,Soluciones Integrales,2116-6415-2426-2430
1796204809,1983-10-02,Ingeniero/a,Desarrollos Innovadores,2718-3127-7956-3520
0995566409,1997-07-27,Ingeniero/a,Soluciones Integrales,1346-0291-1274-7136
1376921373,2013-11-25,Licenciado/a,Soluciones Integrales,0095-5902-5229-4561
0602525661,1967-08-26,Licenciado/a,Grupo Tecnológico,1244-4444-8099-5193
0750229370,2020-09-11,Ingeniero/a,Desarrollos Innovadores,2395-8939-4645-3927
0170130798,1970-03-30,Doctor/a,Sistemas Avanzados,9049-4253-6677-8328
1883250256,1993-05-01,Licenciado/a,Grupo Tecnológico,5065-6458-5052-2066
2494255982,2010-02-13,Arquitecto/a,Grupo Tecnológico,3075-9337-0172-4253
0521820188,2012-06-21,Arquitecto/a,Grupo Tecnológico,0126-1793-4341-9938
0865056154,2017-02-17,Ingeniero/a,Soluciones Integrales,4329-9360-3037-1916
1932614033,2011-12-31,Licenciado/a,Sistemas Avanzados,1046-4806-0545-0790
0667561727,1976-01-25,Licenciado/a,Sistemas Avanzados,3043-4583-1336-9696
0284952269,1979-04-09,Doctor/a,Sistemas Avanzados,8465-7534-0289-1454
1895854846,2003-11-22,Arquitecto/a,Sistemas Avanzados,6133-7723-2698-5679
3045028903,1984-06-12,Doctor/a,Sistemas Avanzados,9963-2630-7905-8368
1827007031,2020-12-05,Ingeniero/a,Soluciones Integrales,4951-0776-6829-4151
0603928971,1969-08-13,Arquitecto/a,Soluciones Integrales,7013-2130-9039-1999
2475079674,1969-07-12,Arquitecto/a,Sistemas Avanzados,3009-7391-8950-9292
1663864553,1960-10-05,Arquitecto/a,Sistemas Avanzados,6704-2332-6442-4092
1932930489,1982-06-13,Licenciado/a,Sistemas Avanzados,1460-9644-5580-0439
1944712935,1990-07-18,Doctor/a,Desarrollos Innovadores,1728-0787-3290-3247
2061499990,2017-08-25,Doctor/a,Soluciones Integrales,0142-5224-1216-6396
0206940878,1983-02-04,Ingeniero/a,Desarrollos Innovadores,6992-2222-0776-6869
1638314083,2003-08-17,Ingeniero/a,Grupo Tecnológico,2839-7593-3884-5273
0393132800,2001-08-02,Doctor/a,Desarrollos Innovadores,3895-4705-1511-6094
0796998998,1965-02-21,Arquitecto/a,Grupo Tecnológico,4065-2222-8962-4224
0626145124,1975-02-12,Doctor/a,Soluciones Integrales,4363-8256-8666-8463
1769161191,1997-01-14,Licenciado/a,Soluciones Integrales,4267-1150-4265-5462
1015839903,1984-11-25,Ingeniero/a,Sistemas Avanzados,7483-7698-4397-9753
0250673869,2007-12-13,Licenciado/a,Soluciones Integrales,8496-0741-2276-3971
0920000935,1995-08-13,Arquitecto/a,Desarrollos Innovadores,2521-4944-5338-7257
1240953834,1967-09-19,Licenciado/a,Sistemas Avanzados,1686-7949-1455-2228
2066569934,2007-02-04,Arquitecto/a,Desarrollos Innovadores,6118-6934-2731-8613
2169743971,2000-07-13,Licenciado/a,Grupo Tecnológico,7211-5309-4079-6625
0915318001,2010-11-04,Ingeniero/a,Soluciones Integrales,6727-8082-2669-8479
0322890680,2012-11-06,Licenciado/a,Desarrollos Innovadores,3459-5095-7928-7882
1893273609,1976-03-18,Licenciado/a,Soluciones Integrales,5608-3693-1454-4685
2010318591,1983-02-16,Arquitecto/a,Grupo Tecnológico,1699-4927-1006-2550
0692257609,2011-11-24,Doctor/a,Grupo Tecnológico,2599-0839-0755-3357
2245542157,1961-06-02,Arquitecto/a,Grupo Tecnológico,6710-5692-6107-7909
1384235575,1967-10-15,Licenciado/a,Grupo Tecnológico,0477-1580-2056-9609
1207015114,1987-05-16,Doctor/a,Soluciones Integrales,8851-9434-5791-7159
1592399799,1987-08-03,Doctor/a,Desarrollos Innovadores,2321-3851-0836-5905
2156292602,1989-12-31,Doctor/a,Grupo Tecnológico,6698-4056-6380-3648
2063886093,1961-10-25,Ingeniero/a,Sistemas Avanzados,4506-2603-4916-4322
1829884297,1960-05-16,Licenciado/a,Grupo Tecnológico,6101-0810-4741-0424
1087741625,1967-11-19,Licenciado/a,Desarrollos Innovadores,1142-5724-0180-2643
1085060841,1989-02-14,Ingeniero/a,Sistemas Avanzados,3095-9649-6466-2759
0176201279,1960-08-13,Licenciado/a,Desarrollos Innovadores,2258-7017-3177-9321
2486692182,2020-08-21,Licenciado/a,Grupo Tecnológico,1393-9146-4100-1442
0716548269,1964-01-01,Arquitecto/a,Grupo Tecnológico,6059-9589-3701-1897
1337781480,2005-06-27,Doctor/a,Desarrollos Innovadores,3543-9018-1145-7343
1757258081,1968-04-05,Ingeniero/a,Grupo Tecnológico,9380-8573-3192-7609
0248184263,1997-12-16,Doctor/a,Soluciones Integrales,1538-7569-5581-5680
1668964818,2009-11-28,Arquitecto/a,Desarrollos Innovadores,1219-8439-4487-3356
0679608598,1998-01-10,Arquitecto/a,Soluciones Integrales,1809-9950-2880-7392
1401686606,1965-07-03,Doctor/a,Grupo Tecnológico,1849-0854-6663-4989
2306682892,1968-03-12,Doctor/a,Desarrollos Innovadores,4493-7519-4109-3436
1716773874,1981-07-07,Arquitecto/a,Sistemas Avanzados,8912-8601-6812-2950
0544254976,1970-01-17,Ingeniero/a,Sistemas Avanzados,3605-0233-0884-3272
2233297059,1964-12-06,Licenciado/a,Grupo Tecnológico,9153-5125-2073-7676
2037956929,1967-08-20,Ingeniero/a,Desarrollos Innovadores,1903-3098-7120-7139
1573116670,1999-05-29,Arquitecto/a,Desarrollos Innovadores,8774-5746-7226-4636
1099639285,1991-01-21,Ingeniero/a,Soluciones Integrales,3066-0969-6447-8815
0398277517,1966-09-16,Doctor/a,Desarrollos Innovadores,2889-5387-7665-5792
1248603422,1969-08-16,Licenciado/a,Desarrollos Innovadores,5697-9467-0121-3592
1219962047,2013-07-08,Arquitecto/a,Sistemas Avanzados,5546-2133-8121-2807
2486992319,2019-06-01,Ingeniero/a,Soluciones Integrales,4480-3229-5774-4884
1703763995,2014-04-23,Licenciado/a,Soluciones Integrales,7634-9837-5725-2057
1335157564,2011-05-22,Licenciado/a,Soluciones Integrales,7489-0236-5363-8795
1319980649,2020-02-21,Ingeniero/a,Grupo Tecnológico,5794-4218-5384-5277
2123911176,1991-06-23,Licenciado/a,Sistemas Avanzados,1660-2282-0416-8557
0116484870,1975-09-29,Licenciado/a,Desarrollos Innovadores,0793-0793-0339-6819
1591298486,2011-01-29,Arquitecto/a,Sistemas Avanzados,6947-8274-6980-7432
3032661445,1975-12-26,Ingeniero/a,Soluciones Integrales,9832-6572-4677-4928
1126693155,2015-11-25,Doctor/a,Soluciones Integrales,5581-4450-6462-4697
2145362308,2011-11-04,Doctor/a,Soluciones Integrales,5194-6378-8917-1256
0637481871,2017-02-19,Licenciado/a,Soluciones Integrales,4884-9924-8855-2227
2447901671,1974-04-07,Ingeniero/a,Grupo Tecnológico,1558-0034-9925-2440
2342104403,1982-12-02,Arquitecto/a,Grupo Tecnológico,0760-4666-8444-2361
0617579140,1982-10-14,Ingeniero/a,Grupo Tecnológico,7616-1349-9439-4785
2072546341,1972-03-01,Doctor/a,Sistemas Avanzados,2088-8269-5903-3374
2303945429,1969-11-06,Licenciado/a,Soluciones Integrales,9845-6740-7098-3038
0533027296,1989-06-17,Arquitecto/a,Desarrollos Innovadores,1544-7512-7817-9835
2270992244,1966-07-04,Licenciado/a,Soluciones Integrales,0927-9775-8821-4412
0312197385,1999-04-18,Doctor/a,Grupo Tecnológico,4392-7436-0346-2492
2193857602,1992-12-04,Licenciado/a,Desarrollos Innovadores,7390-4326-5818-9404
1200932370,1980-02-22,Doctor/a,Desarrollos Innovadores,3969-7850-8971-5551
0250084641,2010-02-12,Arquitecto/a,Desarrollos Innovadores,7772-2439-9831-8468
1261674684,1978-03-24,Doctor/a,Sistemas Avanzados,9209-7271-6307-1393
0180898193,1966-04-14,Licenciado/a,Sistemas Avanzados,1735-0318-6675-0088
1697286691,2000-04-30,Doctor/a,Desarrollos Innovadores,1811-8213-2725-6783
2096611035,1973-02-22,Arquitecto/a,Grupo Tecnológico,6793-8635-8106-6212
1857795558,2012-04-09,Licenciado/a,Grupo Tecnológico,7584-3724-2522-6114
2172559083,2017-10-15,Licenciado/a,Desarrollos Innovadores,5629-5637-4769-7719
1371597843,1971-06-15,Licenciado/a,Sistemas Avanzados,7429-8532-5533-9680
0968254435,1992-11-06,Ingeniero/a,Sistemas Avanzados,0691-2998-5145-4411
0862956325,1982-08-07,Licenciado/a,Desarrollos Innovadores,4439-6561-3137-2387
2344574045,1975-12-09,Arquitecto/a,Sistemas Avanzados,4118-9791-7685-0212
1989822200,1984-11-20,Doctor/a,Sistemas Avanzados,9897-2532-1869-2935
2422163451,1985-10-28,Ingeniero/a,Soluciones Integrales,8890-9906-5602-5592
1326379018,2019-09-21,Ingeniero/a,Desarrollos Innovadores,0075-0783-3527-7931
1052478665,2004-11-12,Doctor/a,Desarrollos Innovadores,9738-4141-9566-8994
1909704401,2008-05-02,Arquitecto/a,Sistemas Avanzados,7999-7709-8838-1083
2420232674,1982-06-03,Licenciado/a,Grupo Tecnológico,4210-6427-6769-3386
0106887865,2005-10-12,Arquitecto/a,Grupo Tecnológico,5291-8933-2270-8450
0316811919,1969-12-15,Ingeniero/a,Desarrollos Innovadores,8362-0054-5214-6986
1721142762,2004-06-03,Licenciado/a,Desarrollos Innovadores,7273-8595-0185-9987
1229805405,1981-12-05,Arquitecto/a,Desarrollos Innovadores,2806-9920-9519-1535
1153035539,1990-11-10,Doctor/a,Desarrollos Innovadores,3495-3253-5703-2274
1283470130,1964-05-14,Arquitecto/a,Sistemas Avanzados,7580-6110-6148-5835
1575108507,1998-07-15,Arquitecto/a,Sistemas Avanzados,5370-4504-4404-4843
0448262354,1988-02-02,Licenciado/a,Grupo Tecnológico,4009-7896-0530-5969
0227924485,2006-05-09,Doctor/a,Desarrollos Innovadores,0186-5153-3144-0129
0485379179,1992-01-01,Ingeniero/a,Grupo Tecnológico,5245-5790-5751-9530
1504286467,1999-08-02,Arquitecto/a,Desarrollos Innovadores,5740-8775-0785-3445
1280201366,1987-04-09,Ingeniero/a,Sistemas Avanzados,3407-3834-6259-2861
0929077819,2000-06-15,Licenciado/a,Soluciones Integrales,3427-9103-4665-2071
0738980605,1995-10-14,Ingeniero/a,Soluciones Integrales,0554-4615-7132-8992
0510583631,1976-04-19,Licenciado/a,Grupo Tecnológico,8037-9593-1018-7073
1465053713,2008-12-10,Ingeniero/a,Grupo Tecnológico,0560-9080-6600-6195
1053581795,2014-09-01,Licenciado/a,Grupo Tecnológico,2256-2015-6972-1319
2126826999,1996-07-25,Ingeniero/a,Soluciones Integrales,7064-2623-9338-2413
0281610442,1965-04-16,Licenciado/a,Grupo Tecnológico,9120-0283-0916-5840
1389510286,2014-05-08,Licenciado/a,Desarrollos Innovadores,1568-0780-4337-4132
0660137250,1976-01-19,Licenciado/a,Sistemas Avanzados,4571-7802-0518-3576
0628637222,1999-07-13,Ingeniero/a,Sistemas Avanzados,9516-0865-6520-9453
0932064133,1970-11-03,Licenciado/a,Grupo Tecnológico,7853-9835-1584-3455
0694812057,1983-05-29,Arquitecto/a,Soluciones Integrales,5205-6623-1197-4697
3060702100,1971-07-21,Arquitecto/a,Soluciones Integrales,0448-1709-1955-7040
3040300950,1984-11-15,Arquitecto/a,Sistemas Avanzados,7197-4620-8459-5441
0822593208,1986-02-17,Ingeniero/a,Desarrollos Innovadores,6594-8513-3614-4328
1972659114,1991-12-13,Doctor/a,Sistemas Avanzados,3190-8774-8065-5465
1498830120,1999-06-21,Arquitecto/a,Soluciones Integrales,7400-8866-9753-4897
2139459922,1965-12-28,Arquitecto/a,Soluciones Integrales,0179-4077-6510-6786
2404831606,1987-05-02,Doctor/a,Desarrollos Innovadores,3382-2645-6234-7882
0484427607,2020-05-15,Arquitecto/a,Sistemas Avanzados,2848-8763-0651-8774
0630481756,1988-01-15,Ingeniero/a,Sistemas Avanzados,9411-4977-9611-1208
0173786961,1997-08-11,Doctor/a,Soluciones Integrales,5043-7820-9435-8315
1848897677,1995-08-07,Doctor/a,Soluciones Integrales,2358-1877-6352-9851
2020443115,1970-05-07,Arquitecto/a,Desarrollos Innovadores,2159-1600-7017-8170
0133516637,1977-01-01,Arquitecto/a,Grupo Tecnológico,1796-8712-7114-3799
2097925165,1977-05-02,Licenciado/a,Grupo Tecnológico,4404-3671-1978-0278
1872058119,1967-03-22,Ingeniero/a,Sistemas Avanzados,3431-8929-2135-9321
0852421453,1970-06-13,Doctor/a,Soluciones Integrales,0429-2597-0045-8547
2091919673,2015-03-25,Doctor/a,Grupo Tecnológico,2290-6475-6536-0262
0668381481,2006-07-28,Arquitecto/a,Soluciones Integrales,9683-0154-9090-3678
0227650698,1981-11-12,Arquitecto/a,Soluciones Integrales,6288-8045-3191-8644
0426698398,1985-04-16,Arquitecto/a,Soluciones Integrales,9646-2450-4424-6649
2468028892,2014-05-28,Arquitecto/a,Desarrollos Innovadores,1678-0971-8020-8017
2205078568,1965-01-23,Doctor/a,Sistemas Avanzados,3439-0499-4505-2711
0222867532,1987-01-18,Licenciado/a,Soluciones Integrales,6555-3663-8014-8195
2301949871,1995-04-16,Ingeniero/a,Grupo Tecnológico,8942-6880-5187-4713
0129993404,1991-10-13,Doctor/a,Soluciones Integrales,2703-4404-3614-3553
1735490242,2004-07-30,Ingeniero/a,Sistemas Avanzados,7559-4776-7980-6260
1985528401,2004-11-14,Licenciado/a,Desarrollos Innovadores,3129-3770-9968-9890
2208275490,1964-12-14,Doctor/a,Grupo Tecnológico,2970-2271-2784-7024
0953462746,1969-12-02,Ingeniero/a,Sistemas Avanzados,9670-1710-7985-3146
1725510858,1960-07-27,Arquitecto/a,Sistemas Avanzados,4246-8391-4927-4671
0974647325,2012-02-28,Ingeniero/a,Soluciones Integrales,5889-3878-9100-4807
1244884480,2001-09-11,Ingeniero/a,Desarrollos Innovadores,5126-7507-6856-6006
2358569058,1971-07-19,Doctor/a,Desarrollos Innovadores,0391-5696-8632-5406
1372061157,1975-02-07,Licenciado/a,Desarrollos Innovadores,0896-4097-8175-2532
1348926337,1984-07-04,Ingeniero/a,Soluciones Integrales,3332-4697-2099-0475
2037861379,2008-04-12,Licenciado/a,Sistemas Avanzados,4262-7760-5295-5638
2446882591,2009-08-12,Arquitecto/a,Desarrollos Innovadores,2018-6286-2564-3065
1966161202,2004-01-09,Arquitecto/a,Soluciones Integrales,2906-8463-4799-4956
0439521998,2005-11-26,Ingeniero/a,Desarrollos Innovadores,5778-2236-3307-3505
0953762393,1964-04-22,Ingeniero/a,Soluciones Integrales,5583-8643-2961-5698
0255191709,1989-04-13,Licenciado/a,Desarrollos Innovadores,8363-2829-0832-7173
0295806402,1970-10-03,Ingeniero/a,Soluciones Integrales,0144-3558-2645-6728
0393404252,1989-10-24,Doctor/a,Desarrollos Innovadores,4099-2881-1650-1240
0489763582,2020-08-26,Licenciado/a,Soluciones Integrales,9889-4991-9215-9739
0718324121,1976-11-25,Arquitecto/a,Sistemas Avanzados,7060-6618-9227-4559
1557363230,1982-01-25,Ingeniero/a,Sistemas Avanzados,4237-9272-2936-0916
0725248160,1987-06-14,Arquitecto/a,Grupo Tecnológico,7598-4424-5142-3429
0842770915,1979-09-30,Arquitecto/a,Sistemas Avanzados,6590-3902-5422-6863
2292685311,1994-04-11,Doctor/a,Sistemas Avanzados,4657-3921-5819-8641
0784298392,1997-08-27,Licenciado/a,Sistemas Avanzados,4249-7748-4498-5114
0189665193,2006-01-11,Licenciado/a,Sistemas Avanzados,8949-3178-2261-4223
1947796641,1999-05-30,Ingeniero/a,Soluciones Integrales,8975-3106-8893-9971
0223996274,2006-10-06,Doctor/a,Grupo Tecnológico,4085-8361-4580-4612
0749474316,2005-06-19,Ingeniero/a,Desarrollos Innovadores,6610-3148-1984-1876
2196955184,1986-11-01,Ingeniero/a,Desarrollos Innovadores,4866-0569-0677-7553
0625680125,1992-07-24,Ingeniero/a,Grupo Tecnológico,2790-9708-7393-0204
2313242692,1975-06-25,Ingeniero/a,Soluciones Integrales,4470-5442-7755-4489
1866703039,1986-01-14,Doctor/a,Grupo Tecnológico,0856-2907-9540-0517
1260102888,1977-03-24,Licenciado/a,Sistemas Avanzados,7308-4750-0162-9246
1807222076,1966-06-24,Licenciado/a,Grupo Tecnológico,0013-8531-8497-0079
1416500229,2015-10-14,Arquitecto/a,Soluciones Integrales,2236-8894-1267-0294
0882965327,1977-12-17,Licenciado/a,Desarrollos Innovadores,4727-6660-1267-4452
0905509015,1964-12-02,Arquitecto/a,Grupo Tecnológico,7616-0469-9062-1399
0705440802,1987-03-13,Arquitecto/a,Desarrollos Innovadores,0298-2934-9172-5026
0659388078,1971-02-19,Arquitecto/a,Sistemas Avanzados,4725-8259-6040-0839
0770825572,2013-10-03,Arquitecto/a,Desarrollos Innovadores,0681-7148-6177-7632
1205360591,2009-11-03,Licenciado/a,Desarrollos Innovadores,5990-3377-1850-1587
0410895437,2013-04-28,Licenciado/a,Soluciones Integrales,5535-7655-5938-0820
0869608662,1965-01-06,Licenciado/a,Sistemas Avanzados,6842-0321-2189-6885
0265168252,1996-05-15,Ingeniero/a,Grupo Tecnológico,9739-3420-5176-7325
0906922479,1982-05-16,Ingeniero/a,Desarrollos Innovadores,4047-5778-7625-3411
1350824906,1980-01-07,Arquitecto/a,Grupo Tecnológico,6151-4066-1695-2171
2126605254,2016-10-09,Licenciado/a,Soluciones Integrales,7513-0934-4728-7550
2185136540,1977-04-19,Ingeniero/a,Grupo Tecnológico,4755-6844-2037-9332
1981668122,1983-05-22,Arquitecto/a,Grupo Tecnológico,8959-9687-7061-8710
1942342258,1986-02-15,Arquitecto/a,Soluciones Integrales,0716-6320-9350-5775
0365848498,2004-06-14,Doctor/a,Desarrollos Innovadores,9927-8530-8637-0538
1477464206,1964-05-27,Ingeniero/a,Soluciones Integrales,3312-6050-9671-6564
0603149947,2015-03-04,Ingeniero/a,Grupo Tecnológico,9031-3123-8123-6448
0421451274,1960-01-29,Ingeniero/a,Soluciones Integrales,3797-3041-4526-4423
0496982484,1995-06-06,Ingeniero/a,Desarrollos Innovadores,7339-1041-7266-0106
2294905414,1991-01-26,Licenciado/a,Grupo Tecnológico,2034-4883-6106-0288
2312557321,1974-01-30,Arquitecto/a,Soluciones Integrales,1570-0558-2959-4894
0869456348,1962-04-01,Arquitecto/a,Soluciones Integrales,1864-3422-5392-8082
1260085002,1997-12-16,Licenciado/a,Soluciones Integrales,0360-5142-0451-7853
1462966170,1987-04-01,Ingeniero/a,Desarrollos Innovadores,4363-6288-0785-4772
0686970061,1987-06-01,Arquitecto/a,Desarrollos Innovadores,2516-0711-8903-8566
2361434097,1989-07-04,Ingeniero/a,Desarrollos Innovadores,1500-2941-3873-7423
0613080461,1962-01-08,Arquitecto/a,Grupo Tecnológico,1774-4370-3635-1108
0397650854,1994-09-29,Doctor/a,Grupo Tecnológico,7168-6220-5685-0233
0906273062,2018-10-16,Licenciado/a,Grupo Tecnológico,0993-7937-5314-5584
1736770103,2015-11-12,Doctor/a,Soluciones Integrales,6117-2776-6153-0710
3023251610,1986-02-12,Licenciado/a,Grupo Tecnológico,9439-5767-1650-1305
2221324625,1999-04-17,Arquitecto/a,Soluciones Integrales,2743-2211-1155-4358
0575762613,2011-10-04,Licenciado/a,Grupo Tecnológico,7397-1908-7508-4302
2096696270,1993-11-03,Ingeniero/a,Sistemas Avanzados,1052-8177-2969-7544
0636060552,2007-10-18,Arquitecto/a,Desarrollos Innovadores,3778-6676-8600-4124
1979844705,1964-08-27,Ingeniero/a,Sistemas Avanzados,3964-7082-7423-0012
1141230402,1987-08-17,Doctor/a,Grupo Tecnológico,2195-8510-0543-3645
0417857647,2017-03-02,Arquitecto/a,Sistemas Avanzados,8340-2278-0690-6069
1719090396,1964-08-02,Doctor/a,Sistemas Avanzados,2125-8195-6100-2541
2366344041,1994-09-19,Doctor/a,Grupo Tecnológico,7684-8903-6752-8678
1556676523,2001-11-16,Licenciado/a,Sistemas Avanzados,6419-3268-2712-3565
0600139580,2002-10-22,Arquitecto/a,Grupo Tecnológico,6971-2926-3632-1158
3065264612,1979-03-05,Ingeniero/a,Soluciones Integrales,4583-4932-0636-4327
0741060406,1975-01-28,Doctor/a,Sistemas Avanzados,0024-3971-3042-0395
1064150291,2020-03-31,Doctor/a,Grupo Tecnológico,0299-5710-8727-3589
1819649885,2007-05-22,Ingeniero/a,Sistemas Avanzados,0551-3663-1889-0216
1778622423,1991-03-31,Licenciado/a,Soluciones Integrales,6963-2611-9756-2905
1582355754,1965-04-14,Arquitecto/a,Sistemas Avanzados,3776-0884-9961-4246
0889068227,1963-01-20,Doctor/a,Grupo Tecnológico,1119-5829-8536-4300
1277704269,1999-05-09,Doctor/a,Soluciones Integrales,9847-1957-8661-8601
1210783290,2010-05-19,Doctor/a,Desarrollos Innovadores,2999-8256-5521-6566
0411081850,1991-10-03,Ingeniero/a,Soluciones Integrales,4731-3369-2343-7718
1053509877,1969-05-18,Doctor/a,Sistemas Avanzados,3367-2921-5477-7875
2045632731,1971-04-27,Licenciado/a,Grupo Tecnológico,7293-8896-4917-1896
0643953958,1974-01-26,Doctor/a,Sistemas Avanzados,8818-2776-0430-2694
2466710764,2005-11-15,Licenciado/a,Sistemas Avanzados,5458-5564-7802-1551
1615119015,1979-04-09,Doctor/a,Soluciones Integrales,2316-0564-3429-3206
2330109257,1961-06-02,Licenciado/a,Soluciones Integrales,6319-3145-9250-0899
2458388033,2008-05-11,Ingeniero/a,Sistemas Avanzados,6716-5999-6507-9369
0385044652,1994-03-06,Doctor/a,Grupo Tecnológico,0638-7085-1904-0741
1326376214,1985-04-03,Ingeniero/a,Grupo Tecnológico,2692-6424-5269-5992
2373152949,2018-12-12,Licenciado/a,Sistemas Avanzados,2046-1396-0038-3575
0576459894,2012-07-17,Ingeniero/a,Sistemas Avanzados,7370-7276-9313-2490
0270753244,1964-09-05,Doctor/a,Grupo Tecnológico,2182-9597-4040-9525
0252325186,1993-02-24,Doctor/a,Grupo Tecnológico,1695-6312-3021-0229
2101438157,2008-04-06,Licenciado/a,Sistemas Avanzados,6414-2250-2356-8369
2113652938,1985-11-06,Licenciado/a,Desarrollos Innovadores,4558-1383-5911-7798
0316320292,1994-06-30,Arquitecto/a,Grupo Tecnológico,7161-4496-9836-7742
1519515524,1961-05-03,Doctor/a,Grupo Tecnológico,8902-7060-3980-1801
1134570139,1964-03-16,Arquitecto/a,Desarrollos Innovadores,5860-0702-1837-5470
0703622792,2012-08-28,Ingeniero/a,Grupo Tecnológico,1182-6631-1684-1896
1812815934,2016-08-05,Licenciado/a,Grupo Tecnológico,2394-1544-6124-1737
0652062645,2006-02-05,Doctor/a,Soluciones Integrales,3655-1275-4238-3167
0364512229,2015-04-03,Doctor/a,Soluciones Integrales,2078-7854-3860-4223
1858313486,1974-02-25,Arquitecto/a,Desarrollos Innovadores,2672-2708-7045-0866
0537080745,1961-10-21,Licenciado/a,Desarrollos Innovadores,7260-8982-4906-4150
1712491523,1966-10-06,Doctor/a,Grupo Tecnológico,5716-5374-0602-4769
2307751718,1963-11-27,Licenciado/a,Sistemas Avanzados,8028-2043-6131-3411
2324671504,2006-06-21,Ingeniero/a,Desarrollos Innovadores,4194-2274-7200-7399
2353383646,1964-05-09,Licenciado/a,Sistemas Avanzados,2259-0308-7603-8196
0714319225,1978-01-18,Arquitecto/a,Grupo Tecnológico,1654-3370-0076-5557
0964869775,1973-07-12,Ingeniero/a,Sistemas Avanzados,0824-5309-6586-3662
2260179962,2014-04-25,Doctor/a,Grupo Tecnológico,9923-7325-2730-0790
1204509394,1964-07-02,Ingeniero/a,Soluciones Integrales,4069-2330-7970-5252
2237867414,1999-09-16,Licenciado/a,Soluciones Integrales,8792-9857-4816-0568
1631268153,1984-04-09,Doctor/a,Grupo Tecnológico,4374-5023-7553-1924
2068725263,2020-07-06,Licenciado/a,Desarrollos Innovadores,9479-8363-4271-4969
1487133542,2018-08-01,Doctor/a,Sistemas Avanzados,5508-8233-3583-1057
0477467133,1988-07-29,Licenciado/a,Desarrollos Innovadores,1766-1840-6516-6678
3041240700,2008-10-14,Licenciado/a,Soluciones Integrales,2038-6792-0395-8843
0160342407,2000-01-04,Arquitecto/a,Sistemas Avanzados,4063-2456-2965-9981
2165036483,2004-09-12,Arquitecto/a,Sistemas Avanzados,3495-5352-3622-5350
0201150232,1968-02-05,Licenciado/a,Soluciones Integrales,1425-8715-1358-6077
1608863607,1973-08-09,Doctor/a,Grupo Tecnológico,7658-4610-3880-0773
2113420924,2007-09-20,Doctor/a,Grupo Tecnológico,6479-4094-8045-1083
2451313874,2003-12-06,Licenciado/a,Desarrollos Innovadores,3981-4613-6911-0028
1910779500,1991-06-26,Arquitecto/a,Soluciones Integrales,2399-6377-4483-0188
0537450676,2000-02-19,Doctor/a,Soluciones Integrales,9237-4930-6215-2651
1507998738,1961-06-13,Doctor/a,Sistemas Avanzados,7679-0739-8579-5554
3094147622,2007-09-17,Licenciado/a,Grupo Tecnológico,9973-1764-1929-5402
1179503314,1987-04-15,Ingeniero/a,Soluciones Integrales,7743-2588-5141-9194
0341436052,1961-09-23,Ingeniero/a,Soluciones Integrales,6622-8666-1364-3801
2206021261,1964-05-28,Doctor/a,Sistemas Avanzados,2954-9756-6719-0723
1038182993,1986-03-02,Licenciado/a,Desarrollos Innovadores,3124-5154-9933-9261
0524805491,2010-07-22,Arquitecto/a,Desarrollos Innovadores,7456-0128-1089-8965
1415299047,1968-03-28,Doctor/a,Soluciones Integrales,2417-3722-2554-4193
1505897820,1983-05-23,Ingeniero/a,Desarrollos Innovadores,0167-4297-3579-1634
0490961799,1984-07-11,Licenciado/a,Sistemas Avanzados,4853-5265-8370-7017
2046210552,1985-08-28,Arquitecto/a,Sistemas Avanzados,4464-2772-1202-3338
1743558349,1977-03-17,Doctor/a,Grupo Tecnológico,9547-3608-2634-8663
1729052615,2002-08-24,Arquitecto/a,Sistemas Avanzados,6957-1939-8905-7563
3033560403,2002-10-30,Arquitecto/a,Sistemas Avanzados,2621-2928-3842-1216
1729625741,1970-01-22,Licenciado/a,Soluciones Integrales,7150-9894-8992-6776
2281934127,1966-12-26,Licenciado/a,Desarrollos Innovadores,8840-6249-2287-6006
1946217565,1986-04-03,Doctor/a,Soluciones Integrales,0160-3846-3731-3044
1302571844,2000-02-24,Ingeniero/a,Desarrollos Innovadores,0192-4785-4112-5225
0120268314,1965-10-19,Ingeniero/a,Grupo Tecnológico,4219-9269-3948-0524
1817898075,2017-10-09,Ingeniero/a,Soluciones Integrales,7527-3724-4634-5128
1225234957,2003-06-10,Licenciado/a,Desarrollos Innovadores,0816-9627-9137-6673
1386961295,1969-12-05,Ingeniero/a,Soluciones Integrales,4989-3626-9128-7609
2308345503,1988-12-28,Ingeniero/a,Grupo Tecnológico,2318-4226-9888-6919
0473905266,2013-03-04,Ingeniero/a,Desarrollos Innovadores,8898-3311-0552-7798
1084724310,2011-04-15,Licenciado/a,Desarrollos Innovadores,9773-7843-3229-2298
0962070700,1970-05-11,Licenciado/a,Grupo Tecnológico,3293-9012-8639-9784
1690500876,1997-08-01,Ingeniero/a,Soluciones Integrales,3236-3038-6993-0520
2291107704,2015-10-16,Doctor/a,Desarrollos Innovadores,9131-2917-8482-9466
2386747348,1987-09-13,Ingeniero/a,Sistemas Avanzados,8416-2973-1026-7153
1237115080,1982-07-13,Ingeniero/a,Desarrollos Innovadores,9652-4533-0083-1534
1595625662,1997-11-13,Ingeniero/a,Grupo Tecnológico,9058-1143-6508-4469
1163654290,1963-12-10,Doctor/a,Soluciones Integrales,9854-2219-7907-0734
1777431622,2011-09-26,Ingeniero/a,Desarrollos Innovadores,8712-5608-1410-7942
1154034311,2002-07-26,Licenciado/a,Sistemas Avanzados,6069-2083-0869-6582
0209180327,1983-04-06,Arquitecto/a,Desarrollos Innovadores,2874-0132-2054-6227
2165865514,2009-06-29,Licenciado/a,Sistemas Avanzados,6187-0381-7780-5315
0798177490,2001-03-13,Ingeniero/a,Soluciones Integrales,8911-1999-5311-8870
0787272489,1970-10-10,Doctor/a,Grupo Tecnológico,1823-3676-4163-0547
1612824206,1961-01-10,Licenciado/a,Grupo Tecnológico,2268-4637-8572-8896
0943275085,1967-12-29,Doctor/a,Sistemas Avanzados,5027-3455-7072-4614
1351522879,1994-08-16,Doctor/a,Desarrollos Innovadores,9961-3065-5087-8496
2022332430,1965-08-05,Ingeniero/a,Grupo Tecnológico,1138-7252-8349-4019
1482384373,1978-04-30,Ingeniero/a,Desarrollos Innovadores,5687-2175-8633-4779
1071343157,1997-02-17,Licenciado/a,Desarrollos Innovadores,6302-8568-1025-9433
0686987980,1964-03-29,Arquitecto/a,Desarrollos Innovadores,9279-0065-6542-9903
1796522830,1981-08-17,Doctor/a,Grupo Tecnológico,1794-4288-0134-9080
0920503293,1970-03-10,Licenciado/a,Desarrollos Innovadores,4049-9859-2004-0433
1060940127,2011-11-29,Ingeniero/a,Desarrollos Innovadores,1613-8120-9884-8330
0506411750,1961-05-09,Ingeniero/a,Soluciones Integrales,9558-9080-4481-8795
1901985150,1975-11-01,Ingeniero/a,Grupo Tecnológico,6662-8645-7377-6043
1601583137,1992-06-25,Ingeniero/a,Soluciones Integrales,5773-3585-5313-7197
0155387331,1961-12-17,Arquitecto/a,Sistemas Avanzados,1457-2172-1357-6794
0101091243,2018-01-16,Doctor/a,Grupo Tecnológico,2174-3945-6858-8905
1688738496,1980-12-25,Ingeniero/a,Grupo Tecnológico,8420-4626-0194-3353
0408064785,1993-03-27,Licenciado/a,Desarrollos Innovadores,3660-7875-1534-3022
0533720812,2010-04-29,Ingeniero/a,Sistemas Avanzados,7579-9594-6026-5570
0945472645,2015-08-22,Licenciado/a,Sistemas Avanzados,1501-7136-8492-7318
0352134792,1999-02-03,Licenciado/a,Grupo Tecnológico,3450-9302-4398-2452
0801399043,1994-05-29,Ingeniero/a,Grupo Tecnológico,2177-4436-4382-2932
0725402868,1998-04-01,Doctor/a,Soluciones Integrales,4144-9682-1880-3892
2366045367,1993-02-11,Ingeniero/a,Sistemas Avanzados,3473-7535-7828-8975
0610982944,1980-12-09,Doctor/a,Desarrollos Innovadores,5337-8321-7406-9892
2428116028,1968-12-17,Doctor/a,Grupo Tecnológico,9060-9064-2423-0269
1166891444,1962-03-26,Ingeniero/a,Grupo Tecnológico,0225-0451-3285-0630
1270791083,2018-03-26,Doctor/a,Soluciones Integrales,3259-4693-3767-7758
1846112048,1966-05-17,Arquitecto/a,Sistemas Avanzados,1340-5352-1559-3129
0943266042,1977-05-29,Licenciado/a,Desarrollos Innovadores,3802-0236-1596-3086
1956159569,1973-09-07,Arquitecto/a,Grupo Tecnológico,8699-4459-1664-9170
1653293752,2009-07-07,Doctor/a,Soluciones Integrales,5448-9395-8299-7443
1183460039,1976-03-18,Doctor/a,Soluciones Integrales,4626-0422-5979-0899
0135697448,1964-05-29,Licenciado/a,Soluciones Integrales,6810-7763-9708-1353
0119935514,1982-04-20,Licenciado/a,Grupo Tecnológico,5039-0002-2018-1890
3079237713,2000-04-20,Doctor/a,Sistemas Avanzados,9400-2676-3067-9032
0266552568,1979-07-18,Licenciado/a,Grupo Tecnológico,0367-0984-9909-2242
1184070795,1991-07-06,Doctor/a,Desarrollos Innovadores,3470-7906-5909-4670
0291854532,2019-11-01,Arquitecto/a,Soluciones Integrales,4061-9628-3122-7509
0257869555,1971-08-07,Ingeniero/a,Grupo Tecnológico,1715-2226-8872-5014
2355722471,1987-05-02,Arquitecto/a,Desarrollos Innovadores,5243-8220-4030-9797
2190925276,1996-08-27,Arquitecto/a,Sistemas Avanzados,3228-8777-4046-1546
2006630612,1967-12-01,Doctor/a,Soluciones Integrales,6719-3484-0530-7526
1921413173,1969-11-25,Arquitecto/a,Grupo Tecnológico,5598-9191-0984-7203
3084375817,2007-06-01,Ingeniero/a,Desarrollos Innovadores,7009-8286-6296-1146
1735644369,1963-01-21,Ingeniero/a,Sistemas Avanzados,7089-2708-0882-6257
1457185640,2017-08-04,Doctor/a,Desarrollos Innovadores,5423-7220-1642-9964
0317697344,2007-07-29,Licenciado/a,Sistemas Avanzados,1466-4885-1426-3756
1617625034,2004-02-25,Arquitecto/a,Desarrollos Innovadores,6413-4336-8589-1282
0728179914,1992-10-23,Ingeniero/a,Desarrollos Innovadores,3391-8956-7158-7858
2337786971,1964-05-06,Licenciado/a,Desarrollos Innovadores,2762-9545-6404-3353
1958982621,2012-10-12,Licenciado/a,Grupo Tecnológico,8610-0575-0593-6576
1829790485,1987-11-09,Doctor/a,Grupo Tecnológico,8511-0328-4811-2033
1646022839,1965-05-31,Doctor/a,Grupo Tecnológico,4306-1953-1685-0414
0312306356,1982-04-07,Arquitecto/a,Soluciones Integrales,6645-0822-0498-8472
0166035534,1999-04-05,Arquitecto/a,Sistemas Avanzados,7007-3072-5688-3489
1438712161,1961-12-05,Ingeniero/a,Sistemas Avanzados,7950-9946-1026-7295
0745278655,2010-03-06,Licenciado/a,Soluciones Integrales,9187-8582-9806-5576
1832224073,2014-04-23,Ingeniero/a,Grupo Tecnológico,0918-7353-9611-8452
0585156213,1973-07-22,Arquitecto/a,Grupo Tecnológico,4950-1947-2777-1496
1495129091,1989-08-22,Licenciado/a,Soluciones Integrales,1590-1414-6840-2776
1542073714,2004-02-10,Licenciado/a,Grupo Tecnológico,3290-2665-2505-5213
0326308962,2005-08-10,Licenciado/a,Soluciones Integrales,9829-5613-7093-5384
1367734996,1965-10-11,Ingeniero/a,Sistemas Avanzados,4029-4003-6666-4484
1863391835,1974-08-24,Ingeniero/a,Grupo Tecnológico,9314-9344-2996-2270
0508073065,1985-11-14,Licenciado/a,Grupo Tecnológico,5415-9721-7079-5712
1785788712,1994-06-10,Doctor/a,Sistemas Avanzados,4753-7660-4406-4374
0463906987,2005-04-24,Ingeniero/a,Soluciones Integrales,1056-6137-8275-6623
0541673316,1993-10-25,Arquitecto/a,Desarrollos Innovadores,4967-5501-8572-8295
2340675426,1965-10-27,Ingeniero/a,Desarrollos Innovadores,8870-1888-0119-8679
1412387336,2007-12-08,Arquitecto/a,Sistemas Avanzados,9347-2670-0624-5086
3013830105,1982-08-31,Ingeniero/a,Desarrollos Innovadores,6003-1398-4178-2492
1370694996,1999-07-11,Licenciado/a,Sistemas Avanzados,9566-0350-4409-4281
0700376948,1986-03-19,Doctor/a,Grupo Tecnológico,0294-4040-0935-0066
1987646051,1998-05-07,Licenciado/a,Desarrollos Innovadores,9291-1328-6421-2012
3013724303,1985-08-18,Arquitecto/a,Desarrollos Innovadores,3264-5744-1518-7023
0697979205,2017-01-10,Licenciado/a,Desarrollos Innovadores,1724-9459-6880-7847
1276711471,2004-02-18,Ingeniero/a,Grupo Tecnológico,3136-3011-3223-3637
1894146374,1986-09-14,Ingeniero/a,Grupo Tecnológico,6510-8394-5945-9281
2322099172,1985-02-23,Arquitecto/a,Grupo Tecnológico,3873-5303-5008-6112
2398174861,2014-08-29,Ingeniero/a,Soluciones Integrales,6229-7291-7831-7251
2272181337,2004-10-22,Arquitecto/a,Sistemas Avanzados,3120-4713-6394-4717
0557811779,2014-07-15,Licenciado/a,Desarrollos Innovadores,5718-4492-4232-3369
2216338531,1962-02-03,Arquitecto/a,Sistemas Avanzados,4664-2405-0230-6367
2353830215,2011-04-22,Ingeniero/a,Sistemas Avanzados,2574-3688-9552-6654
0235203969,2009-06-17,Licenciado/a,Soluciones Integrales,6709-1812-2311-3340
0502322411,2000-02-17,Ingeniero/a,Grupo Tecnológico,0488-1101-8333-2711
0942564094,1973-02-03,Ingeniero/a,Desarrollos Innovadores,2694-4424-5420-8087
0581753774,2018-01-23,Arquitecto/a,Desarrollos Innovadores,6672-1182-6760-9257
3016333106,1962-12-02,Arquitecto/a,Soluciones Integrales,6256-0421-7378-1913
0954607067,1988-09-22,Arquitecto/a,Soluciones Integrales,7271-2087-6635-6793
0112172864,2015-09-10,Arquitecto/a,Grupo Tecnológico,1964-9073-2621-1930
0201500544,2020-03-25,Arquitecto/a,Sistemas Avanzados,3906-9149-0281-5865
0657418845,1992-03-09,Ingeniero/a,Grupo Tecnológico,8126-3811-2865-8988
1727870217,1987-02-18,Licenciado/a,Sistemas Avanzados,5632-9748-9878-8140
0181930422,2009-02-12,Doctor/a,Sistemas Avanzados,0526-5975-4359-8244
2285299569,2004-04-17,Arquitecto/a,Soluciones Integrales,7123-9111-2097-6431
0631209540,1981-01-14,Doctor/a,Grupo Tecnológico,6878-6895-8128-1481
0209694152,1972-07-15,Doctor/a,Desarrollos Innovadores,1407-0017-8240-9608
0256757504,1969-05-12,Ingeniero/a,Soluciones Integrales,6541-9251-8469-4410
0588507567,2018-09-23,Doctor/a,Grupo Tecnológico,8648-7304-1491-5526
1392454291,2008-10-29,Licenciado/a,Sistemas Avanzados,2655-1419-5612-9972
0251395849,2017-04-09,Licenciado/a,Grupo Tecnológico,3342-7779-4833-8765
0324840666,2006-11-20,Arquitecto/a,Sistemas Avanzados,9415-6702-8273-1590
0803042990,2006-05-24,Ingeniero/a,Sistemas Avanzados,5573-8065-4454-2935
0556870024,1961-09-09,Licenciado/a,Grupo Tecnológico,2826-4446-6552-6419
1965560899,1981-04-26,Doctor/a,Sistemas Avanzados,7313-7102-7401-2374
1336030812,2006-02-01,Licenciado/a,Grupo Tecnológico,3915-5119-5581-8753
1556763084,2010-08-09,Arquitecto/a,Sistemas Avanzados,2983-2212-3973-0984
1437486149,1992-09-05,Ingeniero/a,Sistemas Avanzados,1861-7211-4504-8730
1359960692,2019-07-02,Arquitecto/a,Soluciones Integrales,2167-2502-3671-2011
0292706699,1971-08-20,Ingeniero/a,Grupo Tecnológico,8462-1621-1152-5107
3074855377,1961-03-02,Doctor/a,Grupo Tecnológico,4679-4384-3595-8140
1325561295,2013-09-05,Ingeniero/a,Desarrollos Innovadores,3691-5119-9818-3536
2152484289,1982-03-03,Doctor/a,Desarrollos Innovadores,0778-0961-5035-8684
2138996167,1984-01-20,Ingeniero/a,Grupo Tecnológico,4558-5660-1366-0407
0824813785,2013-01-30,Ingeniero/a,Soluciones Integrales,3879-0486-7431-7792
0707851372,2008-06-16,Licenciado/a,Desarrollos Innovadores,4407-6722-8312-2984
2071262213,2008-01-25,Arquitecto/a,Desarrollos Innovadores,1426-8874-4817-6458
0654773119,2018-04-27,Arquitecto/a,Sistemas Avanzados,7549-0417-8709-6916
2331676393,1985-02-09,Arquitecto/a,Grupo Tecnológico,9250-3433-5811-6861
0223561696,1999-08-08,Arquitecto/a,Soluciones Integrales,7897-0936-2453-4532
0541615138,1989-11-28,Ingeniero/a,Grupo Tecnológico,2059-1468-4395-7502
2497599473,2015-02-10,Doctor/a,Sistemas Avanzados,7565-7778-3946-2813
2095117204,1987-03-09,Arquitecto/a,Sistemas Avanzados,3962-1041-6131-1614
0687239019,1973-08-24,Arquitecto/a,Grupo Tecnológico,5430-9519-6132-1604
0169925839,1989-10-09,Licenciado/a,Desarrollos Innovadores,3833-4077-0599-3718
1341137821,1964-06-15,Ingeniero/a,Grupo Tecnológico,4569-5142-1297-6174
0640791016,2008-12-25,Licenciado/a,Sistemas Avanzados,5808-5332-9521-9312
3075941439,1984-11-12,Ingeniero/a,Sistemas Avanzados,6824-0937-0726-2469
1917591584,1998-05-14,Licenciado/a,Grupo Tecnológico,4979-3985-2610-1260
1516673401,2006-09-23,Doctor/a,Desarrollos Innovadores,9063-8006-5447-5914
0768335938,1963-09-11,Licenciado/a,Soluciones Integrales,9231-0416-1080-1500
3056441916,2007-09-12,Doctor/a,Sistemas Avanzados,2586-9913-8738-4751
1487739689,1990-06-10,Doctor/a,Sistemas Avanzados,8683-6090-1010-9636
0747957496,1967-01-02,Arquitecto/a,Desarrollos Innovadores,3158-3347-4140-4638
0985598381,2002-02-08,Licenciado/a,Grupo Tecnológico,3297-6815-5939-5863
1612519698,1963-03-01,Doctor/a,Soluciones Integrales,3265-8131-7348-5289
2208955337,1974-02-04,Licenciado/a,Desarrollos Innovadores,9282-4120-2032-7243
1081243766,1996-01-11,Licenciado/a,Sistemas Avanzados,3346-3968-9451-8167
1508070982,1970-11-19,Doctor/a,Grupo Tecnológico,6909-2502-4239-5983
3020851496,2009-02-02,Licenciado/a,Sistemas Avanzados,8964-4774-5689-3576
1731605874,2019-07-30,Ingeniero/a,Desarrollos Innovadores,5762-2071-0463-2185
2412830227,1963-11-29,Ingeniero/a,Soluciones Integrales,1589-7299-9810-3982
1182816008,1960-07-08,Licenciado/a,Desarrollos Innovadores,9337-1502-9446-2906
1220523420,1997-11-09,Ingeniero/a,Desarrollos Innovadores,2410-2892-0754-1678
1817046788,1987-04-03,Doctor/a,Desarrollos Innovadores,8857-2295-7302-1032
2092425893,2015-08-19,Arquitecto/a,Sistemas Avanzados,8276-1993-5265-8411
2094483786,2004-01-15,Doctor/a,Grupo Tecnológico,0627-3729-5910-8438
1917860292,2018-11-11,Arquitecto/a,Desarrollos Innovadores,2851-8523-8725-6761
0317758671,1982-05-06,Doctor/a,Sistemas Avanzados,2559-7916-2443-9374
0110160272,2014-07-10,Ingeniero/a,Desarrollos Innovadores,7721-3102-6566-5800
3068971148,1988-03-14,Ingeniero/a,Desarrollos Innovadores,2330-0015-1532-5443
0220752560,1965-02-25,Arquitecto/a,Grupo Tecnológico,8648-2797-4140-7731
1036566443,2018-09-29,Doctor/a,Grupo Tecnológico,8080-7609-8806-2828
2446242062,1970-08-11,Licenciado/a,Sistemas Avanzados,5684-2130-1987-8935
0617978735,1986-03-14,Doctor/a,Sistemas Avanzados,7727-1520-1298-7173
0678693296,2004-01-16,Doctor/a,Grupo Tecnológico,9922-4110-3493-6981
1588978075,1964-09-27,Arquitecto/a,Grupo Tecnológico,5712-5855-8764-8259
0817072064,2020-02-26,Licenciado/a,Sistemas Avanzados,3906-9661-4072-5803
0711517967,2008-05-19,Arquitecto/a,Sistemas Avanzados,6461-6394-4881-2502
2458838183,2014-07-09,Doctor/a,Soluciones Integrales,8957-8352-4476-7439
0784428372,2009-03-10,Arquitecto/a,Soluciones Integrales,6970-0517-0651-9026
0758194270,1991-04-20,Arquitecto/a,Grupo Tecnológico,4263-2942-9404-4857
0805409034,1992-05-19,Doctor/a,Sistemas Avanzados,5166-9146-4697-5278
1054433004,1997-02-04,Licenciado/a,Soluciones Integrales,4006-6317-5639-7536
1659629839,1997-02-22,Ingeniero/a,Sistemas Avanzados,8909-6831-1677-9933
2332526148,2014-08-20,Ingeniero/a,Sistemas Avanzados,8835-0595-5149-1537
1536612723,1992-04-17,Licenciado/a,Soluciones Integrales,0210-5285-3108-8622
2133554853,2002-08-05,Ingeniero/a,Desarrollos Innovadores,2804-4243-2595-2852
0188178102,2005-10-03,Doctor/a,Soluciones Integrales,0347-0168-8231-4421
1466314535,2015-09-21,Arquitecto/a,Sistemas Avanzados,4396-1038-1647-7456
0855885575,1996-01-11,Doctor/a,Grupo Tecnológico,8698-3962-5723-2186
0641423558,1968-11-18,Ingeniero/a,Desarrollos Innovadores,8870-2893-8543-0164
1723325916,2003-06-02,Ingeniero/a,Desarrollos Innovadores,4243-4892-8235-6161
0767540835,2012-09-06,Licenciado/a,Sistemas Avanzados,1988-0551-2371-3007
1437200064,1989-08-20,Ingeniero/a,Sistemas Avanzados,8129-5024-1783-7883
0121275901,1982-03-19,Doctor/a,Sistemas Avanzados,5902-6208-9110-6652
1846499944,2007-07-07,Licenciado/a,Sistemas Avanzados,8055-9593-6677-3243
1670077509,1976-12-25,Licenciado/a,Grupo Tecnológico,5182-6563-7214-8823
3006286491,2010-12-10,Doctor/a,Sistemas Avanzados,7100-7327-0814-0731
0118520536,1976-07-16,Arquitecto/a,Sistemas Avanzados,1197-2037-6766-0279
2212849389,2004-06-28,Ingeniero/a,Grupo Tecnológico,1828-6864-1944-5493
0858619950,1966-04-07,Doctor/a,Sistemas Avanzados,3751-7983-3292-0818
2436861062,2015-08-10,Doctor/a,Desarrollos Innovadores,6042-5474-5918-0626
1797087921,1987-03-13,Doctor/a,Sistemas Avanzados,6680-7274-0646-2195
1095027391,2001-11-16,Doctor/a,Grupo Tecnológico,9246-0827-9499-4353
0340691182,1962-04-13,Ingeniero/a,Sistemas Avanzados,8960-9390-2834-8860
0535254040,1983-06-28,Arquitecto/a,Grupo Tecnológico,8218-4154-2066-0561
1845649462,1986-11-13,Arquitecto/a,Grupo Tecnológico,0818-0452-8851-5732
2235329926,1999-11-20,Licenciado/a,Grupo Tecnológico,9946-1561-0026-5376
0877679375,1961-05-11,Arquitecto/a,Grupo Tecnológico,7178-3885-8423-3600
1599115382,2017-05-07,Licenciado/a,Soluciones Integrales,0198-1832-5997-2728
0211955332,1970-08-07,Arquitecto/a,Soluciones Integrales,5295-9807-5356-5172
0718104914,2001-02-20,Doctor/a,Grupo Tecnológico,4954-6991-7441-3793
0146151232,2009-04-05,Arquitecto/a,Grupo Tecnológico,7151-4050-7283-7190
2463441296,2003-06-04,Doctor/a,Desarrollos Innovadores,7943-7771-5819-7607
1689328631,2017-07-15,Ingeniero/a,Sistemas Avanzados,5141-2922-4951-2002
1435517681,2001-11-16,Licenciado/a,Grupo Tecnológico,9105-1568-5590-1891
0884155100,2019-11-10,Licenciado/a,Desarrollos Innovadores,2753-3808-7488-5686
2345437351,1974-08-23,Ingeniero/a,Desarrollos Innovadores,9994-2037-2968-5273
2304323577,1993-02-19,Licenciado/a,Soluciones Integrales,7560-5515-7232-8230
2132276178,2008-02-20,Ingeniero/a,Sistemas Avanzados,4215-3324-6619-5684
2374454181,2018-01-10,Licenciado/a,Soluciones Integrales,5434-4140-0774-2651
1112673474,1966-02-03,Licenciado/a,Grupo Tecnológico,1882-6580-8198-6452
0805971682,2005-01-28,Licenciado/a,Desarrollos Innovadores,1684-4200-8987-8963
1312563919,2018-07-27,Ingeniero/a,Desarrollos Innovadores,2424-1909-1454-8035
1816507511,1991-04-22,Ingeniero/a,Grupo Tecnológico,3123-9538-3676-0304
3092409616,1992-01-08,Doctor/a,Desarrollos Innovadores,2423-2910-7213-9761
2444711101,1981-12-08,Ingeniero/a,Desarrollos Innovadores,6294-3006-7043-5162
1330130039,1986-04-03,Licenciado/a,Desarrollos Innovadores,1185-2001-7948-3711
1886644068,2018-02-14,Arquitecto/a,Grupo Tecnológico,4787-5322-1815-8459
2215171633,2016-03-23,Licenciado/a,Sistemas Avanzados,7093-1908-8512-1787
1425195303,1966-04-16,Licenciado/a,Desarrollos Innovadores,2534-3253-0071-9418
1258979805,1976-11-07,Arquitecto/a,Desarrollos Innovadores,4850-5415-5518-4301
0944194017,1979-09-11,Licenciado/a,Grupo Tecnológico,7767-3114-8689-0023
0375518267,1978-04-14,Ingeniero/a,Sistemas Avanzados,8676-3033-4577-3629
1082430819,1975-12-16,Ingeniero/a,Desarrollos Innovadores,7974-5183-6534-7422
0986757214,1994-11-25,Arquitecto/a,Soluciones Integrales,4195-1298-6298-9962
3082294517,1997-12-29,Arquitecto/a,Grupo Tecnológico,4428-8742-2319-2110
0458480773,2009-02-22,Arquitecto/a,Sistemas Avanzados,0226-6174-3805-5891
0470137619,2016-04-28,Ingeniero/a,Grupo Tecnológico,9774-0175-4368-0212
0370991041,2020-04-12,Ingeniero/a,Desarrollos Innovadores,7642-5056-8163-5124
2306368307,2014-09-27,Doctor/a,Sistemas Avanzados,6998-6892-2985-5686
2475563415,1989-07-05,Ingeniero/a,Desarrollos Innovadores,6025-8005-5872-7870
0281909525,1974-12-11,Arquitecto/a,Sistemas Avanzados,4627-0654-0537-9847
0984457978,1973-10-28,Arquitecto/a,Soluciones Integrales,8920-0693-7708-7372
0116845760,2016-12-11,Doctor/a,Grupo Tecnológico,5687-2617-7931-8218
0369810050,2012-10-20,Ingeniero/a,Sistemas Avanzados,4795-2767-3347-7249
1142105851,1964-02-19,Arquitecto/a,Soluciones Integrales,8548-5321-1587-7776
0400805181,2010-04-11,Ingeniero/a,Soluciones Integrales,8235-1143-3630-0586
1188132133,2003-09-10,Ingeniero/a,Desarrollos Innovadores,4000-6044-5550-3868
1236159935,1963-08-18,Arquitecto/a,Sistemas Avanzados,6930-0145-7638-9411
1598379074,1977-01-17,Arquitecto/a,Soluciones Integrales,7473-2323-4609-1046
1173173330,1976-05-05,Doctor/a,Desarrollos Innovadores,9781-1027-9189-0488
1156769136,2000-04-18,Ingeniero/a,Grupo Tecnológico,0175-6305-4094-6646
1674953056,1963-08-04,Arquitecto/a,Grupo Tecnológico,1519-2568-8566-5491
1470164022,1989-10-26,Ingeniero/a,Desarrollos Innovadores,4245-9930-7740-0739
0384241632,1995-02-13,Ingeniero/a,Soluciones Integrales,5038-6560-1336-3709
1658268547,1993-03-15,Arquitecto/a,Soluciones Integrales,9252-2470-5610-7168
1448329566,2002-07-30,Licenciado/a,Grupo Tecnológico,7466-5883-7754-1019
1525283164,1995-07-16,Licenciado/a,Soluciones Integrales,9510-0828-2596-4062
0226016137,1967-12-09,Ingeniero/a,Sistemas Avanzados,2574-3970-2634-8302
1844392339,2006-07-29,Licenciado/a,Soluciones Integrales,1461-6463-8762-6532
0471507802,1963-03-15,Licenciado/a,Grupo Tecnológico,4979-6639-4605-2470
1408352806,1986-03-03,Licenciado/a,Soluciones Integrales,6529-5008-0378-8329
0960992568,1997-11-14,Arquitecto/a,Soluciones Integrales,8928-8068-0689-9698
1735193953,1968-12-29,Doctor/a,Soluciones Integrales,4769-8074-0617-9540
1353210441,1972-12-01,Ingeniero/a,Desarrollos Innovadores,3019-7328-2403-7610
1055050018,2017-08-21,Arquitecto/a,Soluciones Integrales,4279-2234-9367-8575
1471623275,1981-03-06,Doctor/a,Sistemas Avanzados,7749-0889-8052-2496
2117932005,2011-01-15,Ingeniero/a,Grupo Tecnológico,9949-8222-5172-6028
1720268350,2005-12-29,Arquitecto/a,Sistemas Avanzados,9790-5097-0285-7859
0772810010,1984-02-17,Ingeniero/a,Sistemas Avanzados,0036-9312-4195-2607
1200231699,1972-04-16,Licenciado/a,Soluciones Integrales,2794-3080-0128-6936
1862060520,1972-06-22,Ingeniero/a,Soluciones Integrales,4656-4658-7592-1468
1751989771,1993-08-09,Ingeniero/a,Grupo Tecnológico,3339-0204-4591-8301
1499249114,1985-02-28,Licenciado/a,Sistemas Avanzados,1655-4175-1007-0073
1129494961,1964-05-26,Doctor/a,Sistemas Avanzados,5322-3300-4705-8178
0342322030,1999-11-11,Ingeniero/a,Grupo Tecnológico,0394-6114-8883-7083
2032544804,1996-05-28,Ingeniero/a,Desarrollos Innovadores,2528-7430-4351-8735
0100670486,2006-07-11,Licenciado/a,Sistemas Avanzados,8261-5925-7650-1097
0814227681,1964-02-03,Licenciado/a,Sistemas Avanzados,2837-3709-0770-0355
2463699455,1996-08-26,Ingeniero/a,Grupo Tecnológico,4650-8924-8338-3642
2420722423,1972-08-22,Doctor/a,Desarrollos Innovadores,4658-7759-2405-8932
0369858253,1980-07-25,Arquitecto/a,Desarrollos Innovadores,1528-8555-7476-1633
1822385863,1969-12-08,Doctor/a,Grupo Tecnológico,5830-0678-3080-9817
0719913524,1982-04-25,Ingeniero/a,Grupo Tecnológico,3236-5435-9043-0538
3061501792,1972-08-19,Arquitecto/a,Desarrollos Innovadores,5189-7679-7748-2234
3060536618,1994-01-11,Licenciado/a,Desarrollos Innovadores,3211-9791-5973-6427
2044441836,1961-12-05,Doctor/a,Sistemas Avanzados,6677-0340-5476-7541
0102460347,2013-07-28,Doctor/a,Grupo Tecnológico,8024-3820-7982-5983
1066882001,1982-06-17,Arquitecto/a,Sistemas Avanzados,3191-1176-1307-4733
3077035971,1990-09-26,Licenciado/a,Sistemas Avanzados,7702-8767-3490-1210
1590050789,1973-10-23,Doctor/a,Grupo Tecnológico,7284-7046-9758-2052
1822904031,1961-08-11,Ingeniero/a,Soluciones Integrales,5585-7970-8724-9183
0160079702,1988-03-28,Ingeniero/a,Desarrollos Innovadores,3007-5194-9566-7101
2444024630,2004-01-16,Arquitecto/a,Desarrollos Innovadores,0101-1048-6887-1865
1728025681,1991-01-22,Licenciado/a,Grupo Tecnológico,4033-4714-0344-0700
1982407556,1990-02-16,Licenciado/a,Sistemas Avanzados,3668-8768-5034-6705
3006215663,1964-06-13,Arquitecto/a,Grupo Tecnológico,7328-5838-5134-4017
0753491294,1965-07-05,Ingeniero/a,Soluciones Integrales,2517-0410-4867-9011
0148285156,2008-02-12,Arquitecto/a,Grupo Tecnológico,5994-9551-9601-4890
0833962814,1963-06-15,Doctor/a,Desarrollos Innovadores,5562-9864-7610-3431
1425513267,1973-03-19,Licenciado/a,Sistemas Avanzados,5228-1435-3078-6849
1320966126,1985-08-05,Doctor/a,Sistemas Avanzados,9739-7007-7987-7775
1794571941,1961-12-19,Ingeniero/a,Desarrollos Innovadores,3249-8343-0190-5049
1406427410,1972-07-27,Doctor/a,Desarrollos Innovadores,9048-4065-3592-6711
0741846896,1971-05-18,Doctor/a,Grupo Tecnológico,1513-3116-5580-3833
1514348938,2016-12-18,Ingeniero/a,Desarrollos Innovadores,9252-0537-5647-2297
2328795372,1971-12-03,Ingeniero/a,Soluciones Integrales,8186-1868-2272-9859
0991882478,1987-09-10,Ingeniero/a,Grupo Tecnológico,9398-1869-4426-3367
0611419320,2004-07-11,Ingeniero/a,Soluciones Integrales,4415-1095-6788-5337
1327698869,2001-06-29,Arquitecto/a,Soluciones Integrales,5213-2319-3786-0425
0271766949,1995-05-19,Licenciado/a,Soluciones Integrales,4638-4503-8496-5108
0189832503,1964-12-28,Ingeniero/a,Grupo Tecnológico,0728-2757-8588-2364
1746726666,1979-03-31,Ingeniero/a,Grupo Tecnológico,0327-9151-4249-5885
0592797125,2014-04-27,Licenciado/a,Grupo Tecnológico,6813-8276-6535-3958
0499718296,2005-07-02,Arquitecto/a,Soluciones Integrales,1341-7919-0075-3813
0173235700,1984-07-01,Doctor/a,Desarrollos Innovadores,4425-2027-4666-3998
0687091251,1990-12-03,Ingeniero/a,Sistemas Avanzados,8530-5373-5234-1582
1941376318,1993-03-21,Arquitecto/a,Sistemas Avanzados,0935-1838-5033-2577
1095737698,1964-01-30,Doctor/a,Grupo Tecnológico,9730-3731-5860-5334
0157879952,2019-05-26,Ingeniero/a,Soluciones Integrales,4595-5070-3400-9686
1332063669,1983-08-15,Arquitecto/a,Desarrollos Innovadores,1670-6586-6386-6520
1012890829,1977-07-16,Licenciado/a,Desarrollos Innovadores,3339-2689-0476-7078
2068745578,2002-03-13,Arquitecto/a,Desarrollos Innovadores,3046-3631-9278-5158
0885785333,1991-02-04,Licenciado/a,Grupo Tecnológico,5370-5231-2608-7836
1999030442,1961-11-28,Arquitecto/a,Soluciones Integrales,2852-8150-5122-0441
0489174870,2017-10-30,Licenciado/a,Sistemas Avanzados,6400-2337-8769-3781
2106507841,2014-04-16,Ingeniero/a,Sistemas Avanzados,0010-5493-4636-1588
1717428548,2019-02-20,Doctor/a,Soluciones Integrales,1498-8147-0556-4635
1397174098,1977-01-31,Licenciado/a,Sistemas Avanzados,0394-1048-8714-7497
2470580436,1985-03-05,Arquitecto/a,Soluciones Integrales,9516-8100-5345-9643
0756589939,2002-05-27,Doctor/a,Desarrollos Innovadores,9641-9758-7038-0701
0185478510,2004-04-26,Arquitecto/a,Soluciones Integrales,0404-0848-0559-6719
3089791321,1974-12-20,Licenciado/a,Desarrollos Innovadores,9813-8550-2171-0282
3079882182,1996-09-23,Ingeniero/a,Grupo Tecnológico,9672-5621-0178-7826
3034951676,1963-09-13,Ingeniero/a,Desarrollos Innovadores,6951-4594-5248-9358
1915479500,1998-09-12,Arquitecto/a,Grupo Tecnológico,4279-5840-3940-4586
1170473607,1995-03-27,Doctor/a,Soluciones Integrales,7027-1013-3263-4401
1751523257,1966-04-19,Arquitecto/a,Desarrollos Innovadores,3985-4936-8676-2777
1630206792,1962-12-01,Doctor/a,Desarrollos Innovadores,8422-0837-9014-3151
1285671588,1960-05-29,Arquitecto/a,Soluciones Integrales,7822-1716-1398-8097
1428022702,1989-05-14,Arquitecto/a,Desarrollos Innovadores,9036-2087-3398-8737
2482902491,2020-07-13,Licenciado/a,Grupo Tecnológico,1447-8255-6831-5980
1943177415,2012-09-17,Licenciado/a,Desarrollos Innovadores,2156-0975-0337-4563
1980434093,2009-11-13,Arquitecto/a,Sistemas Avanzados,1716-2135-3162-8795
2109242880,2000-04-17,Doctor/a,Sistemas Avanzados,9302-3554-2738-1597
1233080675,2003-06-08,Ingeniero/a,Soluciones Integrales,8002-2561-9706-3810
0100048585,1974-09-14,Doctor/a,Desarrollos Innovadores,9015-2383-6543-6701
1936842578,1982-03-13,Licenciado/a,Grupo Tecnológico,4521-9318-3185-3896
0541736818,1998-06-18,Ingeniero/a,Soluciones Integrales,4915-5577-0429-4848
1094407215,1972-02-25,Licenciado/a,Sistemas Avanzados,3316-8288-7036-2823
1354234395,1993-10-31,Doctor/a,Soluciones Integrales,1667-7204-2750-3236
0919395971,1976-10-22,Licenciado/a,Grupo Tecnológico,7896-6569-9210-7510
3038401949,1995-03-23,Ingeniero/a,Grupo Tecnológico,0053-1284-4671-3482
2199544631,1995-12-26,Ingeniero/a,Sistemas Avanzados,2551-9077-5317-2102
1578973323,2012-10-02,Licenciado/a,Soluciones Integrales,9666-2120-6107-2654
0829983865,1983-08-10,Licenciado/a,Grupo Tecnológico,0057-9016-0189-2258
1087351098,2020-11-11,Licenciado/a,Sistemas Avanzados,1774-1731-1998-5341
0602152641,2018-01-31,Doctor/a,Soluciones Integrales,8493-8425-6733-3319
3073331748,1998-09-29,Licenciado/a,Soluciones Integrales,6070-2218-4308-2956
2305113783,1987-02-01,Licenciado/a,Soluciones Integrales,5681-3992-7967-9842
0275141949,2003-03-30,Arquitecto/a,Soluciones Integrales,4941-0176-0417-7531
3060151116,2001-06-20,Doctor/a,Desarrollos Innovadores,2936-4883-7805-4470
0813757752,1983-11-03,Doctor/a,Desarrollos Innovadores,4497-8157-3012-1201
3051690183,1968-06-14,Doctor/a,Soluciones Integrales,4699-8058-2890-0210
1803593958,1976-12-03,Doctor/a,Desarrollos Innovadores,4563-5441-8789-2028
0612170956,2005-05-31,Arquitecto/a,Soluciones Integrales,6720-3339-6431-3917
1470005772,1992-09-22,Doctor/a,Sistemas Avanzados,8011-7658-2326-3982
1265201884,1980-12-18,Doctor/a,Desarrollos Innovadores,3173-1288-6953-1725
0378126665,1995-02-09,Arquitecto/a,Sistemas Avanzados,1564-5659-4222-2073
2106606888,1989-09-04,Arquitecto/a,Grupo Tecnológico,7694-7094-9768-6762
2409797255,1996-12-15,Licenciado/a,Soluciones Integrales,0372-0895-1515-5726
2228841971,1984-07-31,Doctor/a,Desarrollos Innovadores,9340-2655-1314-8526
0113349997,1983-10-14,Licenciado/a,Desarrollos Innovadores,6118-7725-4962-9834
0347568914,1962-02-10,Doctor/a,Soluciones Integrales,1012-6725-5677-7408
2242276167,1972-10-10,Ingeniero/a,Soluciones Integrales,3593-2491-8771-5463
0684068937,2016-07-20,Licenciado/a,Soluciones Integrales,6580-1656-1398-3968
1243664422,2019-08-18,Arquitecto/a,Soluciones Integrales,3939-5124-1441-8660
1775839110,2012-02-09,Ingeniero/a,Soluciones Integrales,2221-9106-2240-3691
1452162468,2007-04-15,Ingeniero/a,Grupo Tecnológico,0655-6701-0957-8104
1077555266,1983-07-06,Licenciado/a,Grupo Tecnológico,1095-2167-4269-4885
0143821276,1999-03-04,Doctor/a,Soluciones Integrales,9580-5678-7387-4353
0328303960,1970-05-06,Licenciado/a,Soluciones Integrales,3784-7058-1085-7788
0312120570,1998-10-21,Licenciado/a,Desarrollos Innovadores,3450-2002-5662-9539
3079830417,1969-04-23,Doctor/a,Desarrollos Innovadores,7714-5698-0007-0177
